/*
 Navicat Premium Data Transfer

 Source Server         : 腾讯云Mysql
 Source Server Type    : MySQL
 Source Server Version : 50718
 Source Host           : db.wtu.hll520.cn:10105
 Source Schema         : test

 Target Server Type    : MySQL
 Target Server Version : 50718
 File Encoding         : 65001

 Date: 19/12/2020 12:02:13
*/

SET NAMES utf8mb4;
SET FOREIGN_KEY_CHECKS = 0;

-- ----------------------------
-- Table structure for SignIn
-- ----------------------------
DROP TABLE IF EXISTS `SignIn`;
CREATE TABLE `SignIn`
(
    `_id`  int(11)                                                       NOT NULL AUTO_INCREMENT,
    `id`   varchar(10) CHARACTER SET utf8mb4 COLLATE utf8mb4_general_ci  NOT NULL,
    `date` date                                                          NOT NULL,
    `time` datetime(0)                                                   NOT NULL,
    `ip`   varchar(255) CHARACTER SET utf8mb4 COLLATE utf8mb4_general_ci NULL DEFAULT NULL,
    PRIMARY KEY (`_id`, `date`) USING BTREE
) ENGINE = InnoDB
  AUTO_INCREMENT = 4593
  CHARACTER SET = utf8mb4
  COLLATE = utf8mb4_general_ci
  ROW_FORMAT = Dynamic;

-- ----------------------------
-- Records of SignIn
-- ----------------------------
INSERT INTO `SignIn`
VALUES (3537, '1804270130', '2020-09-15', '2020-09-15 15:59:06', NULL);
INSERT INTO `SignIn`
VALUES (3538, '1804270127', '2020-11-20', '2020-11-20 08:12:57', NULL);
INSERT INTO `SignIn`
VALUES (3539, '1804270316', '2020-11-20', '2020-11-20 08:04:03', NULL);
INSERT INTO `SignIn`
VALUES (3540, '1804270217', '2020-11-20', '2020-11-20 08:03:41', NULL);
INSERT INTO `SignIn`
VALUES (3541, '1804270124', '2020-11-20', '2020-11-20 08:02:47', NULL);
INSERT INTO `SignIn`
VALUES (3542, '1804270121', '2020-11-20', '2020-11-20 08:02:36', NULL);
INSERT INTO `SignIn`
VALUES (3543, '1804270211', '2020-11-20', '2020-11-20 08:02:17', NULL);
INSERT INTO `SignIn`
VALUES (3544, '1804270317', '2020-11-20', '2020-11-20 08:01:57', NULL);
INSERT INTO `SignIn`
VALUES (3545, '1804270311', '2020-11-20', '2020-11-20 08:01:42', NULL);
INSERT INTO `SignIn`
VALUES (3546, '1804270230', '2020-11-20', '2020-11-20 08:01:39', NULL);
INSERT INTO `SignIn`
VALUES (3547, '1804270308', '2020-11-20', '2020-11-20 08:01:38', NULL);
INSERT INTO `SignIn`
VALUES (3548, '1804270227', '2020-11-20', '2020-11-20 08:01:37', NULL);
INSERT INTO `SignIn`
VALUES (3549, '1804270118', '2020-11-20', '2020-11-20 08:01:35', NULL);
INSERT INTO `SignIn`
VALUES (3550, '1804270108', '2020-11-20', '2020-11-20 08:01:34', NULL);
INSERT INTO `SignIn`
VALUES (3551, '1804270320', '2020-11-20', '2020-11-20 08:01:29', NULL);
INSERT INTO `SignIn`
VALUES (3552, '1804270318', '2020-11-20', '2020-11-20 08:01:29', NULL);
INSERT INTO `SignIn`
VALUES (3553, '1804270222', '2020-11-20', '2020-11-20 08:01:22', NULL);
INSERT INTO `SignIn`
VALUES (3554, '1804270130', '2020-11-20', '2020-11-20 08:01:15', NULL);
INSERT INTO `SignIn`
VALUES (3555, '1804270120', '2020-11-20', '2020-11-20 08:01:15', NULL);
INSERT INTO `SignIn`
VALUES (3556, '1804270324', '2020-11-20', '2020-11-20 08:01:14', NULL);
INSERT INTO `SignIn`
VALUES (3557, '1804270218', '2020-11-20', '2020-11-20 08:01:11', NULL);
INSERT INTO `SignIn`
VALUES (3558, '1804270226', '2020-11-20', '2020-11-20 08:01:09', NULL);
INSERT INTO `SignIn`
VALUES (3559, '1804270223', '2020-11-20', '2020-11-20 08:01:08', NULL);
INSERT INTO `SignIn`
VALUES (3560, '1804270128', '2020-11-20', '2020-11-20 08:01:07', NULL);
INSERT INTO `SignIn`
VALUES (3561, '1804270313', '2020-11-20', '2020-11-20 08:01:05', NULL);
INSERT INTO `SignIn`
VALUES (3562, '1804270309', '2020-11-20', '2020-11-20 08:01:00', NULL);
INSERT INTO `SignIn`
VALUES (3563, '1804270126', '2020-11-20', '2020-11-20 08:01:00', NULL);
INSERT INTO `SignIn`
VALUES (3564, '1804270321', '2020-11-20', '2020-11-20 08:00:59', NULL);
INSERT INTO `SignIn`
VALUES (3565, '1804270123', '2020-11-20', '2020-11-20 08:00:56', NULL);
INSERT INTO `SignIn`
VALUES (3566, '1804270323', '2020-11-20', '2020-11-20 08:00:55', NULL);
INSERT INTO `SignIn`
VALUES (3567, '1804270110', '2020-11-20', '2020-11-20 08:00:54', NULL);
INSERT INTO `SignIn`
VALUES (3568, '1804270224', '2020-11-20', '2020-11-20 08:00:53', NULL);
INSERT INTO `SignIn`
VALUES (3569, '1804270219', '2020-11-20', '2020-11-20 08:00:52', NULL);
INSERT INTO `SignIn`
VALUES (3570, '1804270329', '2020-11-20', '2020-11-20 08:00:50', NULL);
INSERT INTO `SignIn`
VALUES (3571, '1804270327', '2020-11-20', '2020-11-20 08:00:46', NULL);
INSERT INTO `SignIn`
VALUES (3572, '1804270312', '2020-11-20', '2020-11-20 08:00:44', NULL);
INSERT INTO `SignIn`
VALUES (3573, '1804270330', '2020-11-20', '2020-11-20 08:00:43', NULL);
INSERT INTO `SignIn`
VALUES (3574, '1804270107', '2020-11-20', '2020-11-20 08:00:41', NULL);
INSERT INTO `SignIn`
VALUES (3575, '1804270103', '2020-11-20', '2020-11-20 08:00:39', NULL);
INSERT INTO `SignIn`
VALUES (3576, '1804270303', '2020-11-20', '2020-11-20 08:00:37', NULL);
INSERT INTO `SignIn`
VALUES (3577, '1808230327', '2020-11-20', '2020-11-20 08:00:36', NULL);
INSERT INTO `SignIn`
VALUES (3578, '1804270106', '2020-11-20', '2020-11-20 08:00:35', NULL);
INSERT INTO `SignIn`
VALUES (3579, '1804270214', '2020-11-20', '2020-11-20 08:00:34', NULL);
INSERT INTO `SignIn`
VALUES (3580, '1804270307', '2020-11-20', '2020-11-20 08:00:34', NULL);
INSERT INTO `SignIn`
VALUES (3581, '1808230325', '2020-11-20', '2020-11-20 08:00:33', NULL);
INSERT INTO `SignIn`
VALUES (3582, '1804270326', '2020-11-20', '2020-11-20 08:00:33', NULL);
INSERT INTO `SignIn`
VALUES (3583, '1804270306', '2020-11-20', '2020-11-20 08:00:31', NULL);
INSERT INTO `SignIn`
VALUES (3584, '1804270115', '2020-11-20', '2020-11-20 08:00:27', NULL);
INSERT INTO `SignIn`
VALUES (3585, '1804270229', '2020-11-20', '2020-11-20 08:00:26', NULL);
INSERT INTO `SignIn`
VALUES (3586, '1804270228', '2020-11-20', '2020-11-20 08:00:21', NULL);
INSERT INTO `SignIn`
VALUES (3587, '1804270201', '2020-11-20', '2020-11-20 08:00:21', NULL);
INSERT INTO `SignIn`
VALUES (3588, '1804270105', '2020-11-20', '2020-11-20 08:00:21', NULL);
INSERT INTO `SignIn`
VALUES (3589, '1804270206', '2020-11-20', '2020-11-20 08:00:19', NULL);
INSERT INTO `SignIn`
VALUES (3590, '1804270204', '2020-11-20', '2020-11-20 08:00:18', NULL);
INSERT INTO `SignIn`
VALUES (3591, '1804270220', '2020-11-20', '2020-11-20 08:00:17', NULL);
INSERT INTO `SignIn`
VALUES (3592, '1804270213', '2020-11-20', '2020-11-20 08:00:16', NULL);
INSERT INTO `SignIn`
VALUES (3593, '1804270321', '2020-11-17', '2020-11-17 15:57:13', NULL);
INSERT INTO `SignIn`
VALUES (3594, '1804270130', '2020-11-17', '2020-11-17 15:56:40', NULL);
INSERT INTO `SignIn`
VALUES (3595, '1804270324', '2020-11-17', '2020-11-17 15:56:26', NULL);
INSERT INTO `SignIn`
VALUES (3596, '1804270217', '2020-11-17', '2020-11-17 15:56:23', NULL);
INSERT INTO `SignIn`
VALUES (3597, '1804270120', '2020-11-17', '2020-11-17 15:56:19', NULL);
INSERT INTO `SignIn`
VALUES (3598, '1804270127', '2020-11-17', '2020-11-17 15:55:59', NULL);
INSERT INTO `SignIn`
VALUES (3599, '1804270224', '2020-11-17', '2020-11-17 15:55:52', NULL);
INSERT INTO `SignIn`
VALUES (3600, '1804270326', '2020-11-17', '2020-11-17 15:55:25', NULL);
INSERT INTO `SignIn`
VALUES (3601, '1804270312', '2020-11-17', '2020-11-17 15:55:24', NULL);
INSERT INTO `SignIn`
VALUES (3602, '1804270323', '2020-11-17', '2020-11-17 15:54:50', NULL);
INSERT INTO `SignIn`
VALUES (3603, '1804270223', '2020-11-17', '2020-11-17 15:54:30', NULL);
INSERT INTO `SignIn`
VALUES (3604, '1804270329', '2020-11-17', '2020-11-17 15:54:26', NULL);
INSERT INTO `SignIn`
VALUES (3605, '1804270330', '2020-11-17', '2020-11-17 15:54:23', NULL);
INSERT INTO `SignIn`
VALUES (3606, '1804270206', '2020-11-17', '2020-11-17 15:54:21', NULL);
INSERT INTO `SignIn`
VALUES (3607, '1804270318', '2020-11-17', '2020-11-17 15:54:21', NULL);
INSERT INTO `SignIn`
VALUES (3608, '1804270122', '2020-11-17', '2020-11-17 15:54:15', NULL);
INSERT INTO `SignIn`
VALUES (3609, '1804270218', '2020-11-17', '2020-11-17 15:54:14', NULL);
INSERT INTO `SignIn`
VALUES (3610, '1804270110', '2020-11-17', '2020-11-17 15:54:09', NULL);
INSERT INTO `SignIn`
VALUES (3611, '1804270316', '2020-11-17', '2020-11-17 15:54:08', NULL);
INSERT INTO `SignIn`
VALUES (3612, '1808230327', '2020-11-17', '2020-11-17 15:53:59', NULL);
INSERT INTO `SignIn`
VALUES (3613, '1804270125', '2020-11-17', '2020-11-17 15:53:58', NULL);
INSERT INTO `SignIn`
VALUES (3614, '1804270126', '2020-11-17', '2020-11-17 15:53:48', NULL);
INSERT INTO `SignIn`
VALUES (3615, '1804270327', '2020-11-17', '2020-11-17 15:53:47', NULL);
INSERT INTO `SignIn`
VALUES (3616, '1804270320', '2020-11-17', '2020-11-17 15:53:46', NULL);
INSERT INTO `SignIn`
VALUES (3617, '1804270124', '2020-11-17', '2020-11-17 15:53:44', NULL);
INSERT INTO `SignIn`
VALUES (3618, '1804270230', '2020-11-17', '2020-11-17 15:53:43', NULL);
INSERT INTO `SignIn`
VALUES (3619, '1804270123', '2020-11-17', '2020-11-17 15:53:42', NULL);
INSERT INTO `SignIn`
VALUES (3620, '1804270214', '2020-11-17', '2020-11-17 15:53:42', NULL);
INSERT INTO `SignIn`
VALUES (3621, '1804270311', '2020-11-17', '2020-11-17 15:53:41', NULL);
INSERT INTO `SignIn`
VALUES (3622, '1804270103', '2020-11-17', '2020-11-17 15:53:38', NULL);
INSERT INTO `SignIn`
VALUES (3623, '1804270306', '2020-11-17', '2020-11-17 15:53:37', NULL);
INSERT INTO `SignIn`
VALUES (3624, '1804270121', '2020-11-17', '2020-11-17 15:53:35', NULL);
INSERT INTO `SignIn`
VALUES (3625, '1808230325', '2020-11-17', '2020-11-17 15:53:33', NULL);
INSERT INTO `SignIn`
VALUES (3626, '1804270204', '2020-11-17', '2020-11-17 15:53:32', NULL);
INSERT INTO `SignIn`
VALUES (3627, '1804270303', '2020-11-17', '2020-11-17 15:53:32', NULL);
INSERT INTO `SignIn`
VALUES (3628, '1804270226', '2020-11-17', '2020-11-17 15:53:30', NULL);
INSERT INTO `SignIn`
VALUES (3629, '1804270128', '2020-11-17', '2020-11-17 15:53:28', NULL);
INSERT INTO `SignIn`
VALUES (3630, '1804270107', '2020-11-17', '2020-11-17 15:53:27', NULL);
INSERT INTO `SignIn`
VALUES (3631, '1804270317', '2020-11-17', '2020-11-17 15:53:27', NULL);
INSERT INTO `SignIn`
VALUES (3632, '1804270308', '2020-11-17', '2020-11-17 15:53:26', NULL);
INSERT INTO `SignIn`
VALUES (3633, '1804270105', '2020-11-17', '2020-11-17 15:53:24', NULL);
INSERT INTO `SignIn`
VALUES (3634, '1804270227', '2020-11-17', '2020-11-17 15:53:22', NULL);
INSERT INTO `SignIn`
VALUES (3635, '1804270307', '2020-11-17', '2020-11-17 15:53:22', NULL);
INSERT INTO `SignIn`
VALUES (3636, '1804270213', '2020-11-17', '2020-11-17 15:53:21', NULL);
INSERT INTO `SignIn`
VALUES (3637, '1804270228', '2020-11-17', '2020-11-17 15:53:19', NULL);
INSERT INTO `SignIn`
VALUES (3638, '1804270222', '2020-11-17', '2020-11-17 15:53:19', NULL);
INSERT INTO `SignIn`
VALUES (3639, '1804270211', '2020-11-17', '2020-11-17 15:53:18', NULL);
INSERT INTO `SignIn`
VALUES (3640, '1804270106', '2020-11-17', '2020-11-17 15:53:18', NULL);
INSERT INTO `SignIn`
VALUES (3641, '1804270313', '2020-11-17', '2020-11-17 15:53:17', NULL);
INSERT INTO `SignIn`
VALUES (3642, '1804270115', '2020-11-17', '2020-11-17 15:53:16', NULL);
INSERT INTO `SignIn`
VALUES (3643, '1804270229', '2020-11-17', '2020-11-17 15:53:16', NULL);
INSERT INTO `SignIn`
VALUES (3644, '1804270309', '2020-11-17', '2020-11-17 15:53:15', NULL);
INSERT INTO `SignIn`
VALUES (3645, '1804270108', '2020-11-17', '2020-11-17 15:53:15', NULL);
INSERT INTO `SignIn`
VALUES (3646, '1804270201', '2020-11-17', '2020-11-17 15:53:15', NULL);
INSERT INTO `SignIn`
VALUES (3647, '1804270219', '2020-11-17', '2020-11-17 15:53:15', NULL);
INSERT INTO `SignIn`
VALUES (3648, '1804270220', '2020-11-17', '2020-11-17 15:53:15', NULL);
INSERT INTO `SignIn`
VALUES (3649, '1804270118', '2020-11-17', '2020-11-17 15:53:12', NULL);
INSERT INTO `SignIn`
VALUES (3650, '1804270115', '2020-11-13', '2020-11-13 08:15:50', NULL);
INSERT INTO `SignIn`
VALUES (3651, '1804270329', '2020-11-13', '2020-11-13 08:05:44', NULL);
INSERT INTO `SignIn`
VALUES (3652, '1804270224', '2020-11-13', '2020-11-13 08:04:20', NULL);
INSERT INTO `SignIn`
VALUES (3653, '1804270306', '2020-11-13', '2020-11-13 08:04:03', NULL);
INSERT INTO `SignIn`
VALUES (3654, '1804270128', '2020-11-13', '2020-11-13 08:03:40', NULL);
INSERT INTO `SignIn`
VALUES (3655, '1804270122', '2020-11-13', '2020-11-13 08:03:28', NULL);
INSERT INTO `SignIn`
VALUES (3656, '1804270126', '2020-11-13', '2020-11-13 08:03:25', NULL);
INSERT INTO `SignIn`
VALUES (3657, '1804270219', '2020-11-13', '2020-11-13 08:03:23', NULL);
INSERT INTO `SignIn`
VALUES (3658, '1804270321', '2020-11-13', '2020-11-13 08:03:19', NULL);
INSERT INTO `SignIn`
VALUES (3659, '1804270123', '2020-11-13', '2020-11-13 08:03:18', NULL);
INSERT INTO `SignIn`
VALUES (3660, '1804270127', '2020-11-13', '2020-11-13 08:03:17', NULL);
INSERT INTO `SignIn`
VALUES (3661, '1804270312', '2020-11-13', '2020-11-13 08:03:14', NULL);
INSERT INTO `SignIn`
VALUES (3662, '1804270125', '2020-11-13', '2020-11-13 08:03:14', NULL);
INSERT INTO `SignIn`
VALUES (3663, '1804270230', '2020-11-13', '2020-11-13 08:03:13', NULL);
INSERT INTO `SignIn`
VALUES (3664, '1804270228', '2020-11-13', '2020-11-13 08:03:01', NULL);
INSERT INTO `SignIn`
VALUES (3665, '1804270318', '2020-11-13', '2020-11-13 08:03:00', NULL);
INSERT INTO `SignIn`
VALUES (3666, '1804270106', '2020-11-13', '2020-11-13 08:02:59', NULL);
INSERT INTO `SignIn`
VALUES (3667, '1804270130', '2020-11-13', '2020-11-13 08:02:57', NULL);
INSERT INTO `SignIn`
VALUES (3668, '1804270227', '2020-11-13', '2020-11-13 08:02:54', NULL);
INSERT INTO `SignIn`
VALUES (3669, '1804270324', '2020-11-13', '2020-11-13 08:02:53', NULL);
INSERT INTO `SignIn`
VALUES (3670, '1804270223', '2020-11-13', '2020-11-13 08:02:53', NULL);
INSERT INTO `SignIn`
VALUES (3671, '1804270320', '2020-11-13', '2020-11-13 08:02:50', NULL);
INSERT INTO `SignIn`
VALUES (3672, '1804270327', '2020-11-13', '2020-11-13 08:02:50', NULL);
INSERT INTO `SignIn`
VALUES (3673, '1804270204', '2020-11-13', '2020-11-13 08:02:47', NULL);
INSERT INTO `SignIn`
VALUES (3674, '1804270229', '2020-11-13', '2020-11-13 08:02:46', NULL);
INSERT INTO `SignIn`
VALUES (3675, '1804270317', '2020-11-13', '2020-11-13 08:02:44', NULL);
INSERT INTO `SignIn`
VALUES (3676, '1804270330', '2020-11-13', '2020-11-13 08:02:44', NULL);
INSERT INTO `SignIn`
VALUES (3677, '1804270121', '2020-11-13', '2020-11-13 08:02:44', NULL);
INSERT INTO `SignIn`
VALUES (3678, '1804270311', '2020-11-13', '2020-11-13 08:02:42', NULL);
INSERT INTO `SignIn`
VALUES (3679, '1804270211', '2020-11-13', '2020-11-13 08:02:42', NULL);
INSERT INTO `SignIn`
VALUES (3680, '1804270218', '2020-11-13', '2020-11-13 08:02:42', NULL);
INSERT INTO `SignIn`
VALUES (3681, '1804270309', '2020-11-13', '2020-11-13 08:02:41', NULL);
INSERT INTO `SignIn`
VALUES (3682, '1804270316', '2020-11-13', '2020-11-13 08:02:41', NULL);
INSERT INTO `SignIn`
VALUES (3683, '1804270118', '2020-11-13', '2020-11-13 08:02:41', NULL);
INSERT INTO `SignIn`
VALUES (3684, '1804270217', '2020-11-13', '2020-11-13 08:02:40', NULL);
INSERT INTO `SignIn`
VALUES (3685, '1804270303', '2020-11-13', '2020-11-13 08:02:39', NULL);
INSERT INTO `SignIn`
VALUES (3686, '1804270313', '2020-11-13', '2020-11-13 08:02:39', NULL);
INSERT INTO `SignIn`
VALUES (3687, '1808230327', '2020-11-13', '2020-11-13 08:02:38', NULL);
INSERT INTO `SignIn`
VALUES (3688, '1804270206', '2020-11-13', '2020-11-13 08:02:38', NULL);
INSERT INTO `SignIn`
VALUES (3689, '1804270323', '2020-11-13', '2020-11-13 08:02:37', NULL);
INSERT INTO `SignIn`
VALUES (3690, '1804270222', '2020-11-13', '2020-11-13 08:02:36', NULL);
INSERT INTO `SignIn`
VALUES (3691, '1804270307', '2020-11-13', '2020-11-13 08:02:34', NULL);
INSERT INTO `SignIn`
VALUES (3692, '1804270107', '2020-11-13', '2020-11-13 08:02:33', NULL);
INSERT INTO `SignIn`
VALUES (3693, '1804270105', '2020-11-13', '2020-11-13 08:02:33', NULL);
INSERT INTO `SignIn`
VALUES (3694, '1808230325', '2020-11-13', '2020-11-13 08:02:29', NULL);
INSERT INTO `SignIn`
VALUES (3695, '1804270110', '2020-11-13', '2020-11-13 08:02:28', NULL);
INSERT INTO `SignIn`
VALUES (3696, '1804270108', '2020-11-13', '2020-11-13 08:02:28', NULL);
INSERT INTO `SignIn`
VALUES (3697, '1804270220', '2020-11-13', '2020-11-13 08:02:28', NULL);
INSERT INTO `SignIn`
VALUES (3698, '1804270308', '2020-11-13', '2020-11-13 08:02:27', NULL);
INSERT INTO `SignIn`
VALUES (3699, '1804270103', '2020-11-13', '2020-11-13 08:02:26', NULL);
INSERT INTO `SignIn`
VALUES (3700, '1804270201', '2020-11-13', '2020-11-13 08:02:26', NULL);
INSERT INTO `SignIn`
VALUES (3701, '1804270226', '2020-11-13', '2020-11-13 08:02:24', NULL);
INSERT INTO `SignIn`
VALUES (3702, '1804270326', '2020-11-13', '2020-11-13 08:02:23', NULL);
INSERT INTO `SignIn`
VALUES (3703, '1804270124', '2020-11-13', '2020-11-13 08:02:19', NULL);
INSERT INTO `SignIn`
VALUES (3704, '1804270213', '2020-11-13', '2020-11-13 08:02:15', NULL);
INSERT INTO `SignIn`
VALUES (3705, '1804270214', '2020-11-13', '2020-11-13 08:02:14', NULL);
INSERT INTO `SignIn`
VALUES (3706, '1804270120', '2020-11-13', '2020-11-13 08:02:13', NULL);
INSERT INTO `SignIn`
VALUES (3707, '1804270226', '2020-11-11', '2020-11-11 10:18:21', NULL);
INSERT INTO `SignIn`
VALUES (3708, '1804270320', '2020-11-10', '2020-11-10 16:13:06', NULL);
INSERT INTO `SignIn`
VALUES (3709, '1804270329', '2020-11-10', '2020-11-10 16:03:59', NULL);
INSERT INTO `SignIn`
VALUES (3710, '1804270130', '2020-11-10', '2020-11-10 15:57:16', NULL);
INSERT INTO `SignIn`
VALUES (3711, '1804270324', '2020-11-10', '2020-11-10 15:57:11', NULL);
INSERT INTO `SignIn`
VALUES (3712, '1804270223', '2020-11-10', '2020-11-10 15:57:02', NULL);
INSERT INTO `SignIn`
VALUES (3713, '1804270217', '2020-11-10', '2020-11-10 15:56:57', NULL);
INSERT INTO `SignIn`
VALUES (3714, '1804270327', '2020-11-10', '2020-11-10 15:56:49', NULL);
INSERT INTO `SignIn`
VALUES (3715, '1804270330', '2020-11-10', '2020-11-10 15:56:49', NULL);
INSERT INTO `SignIn`
VALUES (3716, '1804270123', '2020-11-10', '2020-11-10 15:56:47', NULL);
INSERT INTO `SignIn`
VALUES (3717, '1804270318', '2020-11-10', '2020-11-10 15:56:47', NULL);
INSERT INTO `SignIn`
VALUES (3718, '1804270122', '2020-11-10', '2020-11-10 15:56:45', NULL);
INSERT INTO `SignIn`
VALUES (3719, '1804270316', '2020-11-10', '2020-11-10 15:56:41', NULL);
INSERT INTO `SignIn`
VALUES (3720, '1804270323', '2020-11-10', '2020-11-10 15:56:32', NULL);
INSERT INTO `SignIn`
VALUES (3721, '1804270125', '2020-11-10', '2020-11-10 15:56:18', NULL);
INSERT INTO `SignIn`
VALUES (3722, '1804270312', '2020-11-10', '2020-11-10 15:56:07', NULL);
INSERT INTO `SignIn`
VALUES (3723, '1804270222', '2020-11-10', '2020-11-10 15:56:02', NULL);
INSERT INTO `SignIn`
VALUES (3724, '1804270313', '2020-11-10', '2020-11-10 15:55:58', NULL);
INSERT INTO `SignIn`
VALUES (3725, '1804270115', '2020-11-10', '2020-11-10 15:55:51', NULL);
INSERT INTO `SignIn`
VALUES (3726, '1804270311', '2020-11-10', '2020-11-10 15:55:50', NULL);
INSERT INTO `SignIn`
VALUES (3727, '1804270107', '2020-11-10', '2020-11-10 15:55:50', NULL);
INSERT INTO `SignIn`
VALUES (3728, '1804270108', '2020-11-10', '2020-11-10 15:55:50', NULL);
INSERT INTO `SignIn`
VALUES (3729, '1804270201', '2020-11-10', '2020-11-10 15:55:49', NULL);
INSERT INTO `SignIn`
VALUES (3730, '1804270105', '2020-11-10', '2020-11-10 15:55:48', NULL);
INSERT INTO `SignIn`
VALUES (3731, '1804270218', '2020-11-10', '2020-11-10 15:55:48', NULL);
INSERT INTO `SignIn`
VALUES (3732, '1804270230', '2020-11-10', '2020-11-10 15:55:47', NULL);
INSERT INTO `SignIn`
VALUES (3733, '1804270303', '2020-11-10', '2020-11-10 15:55:47', NULL);
INSERT INTO `SignIn`
VALUES (3734, '1808230327', '2020-11-10', '2020-11-10 15:55:46', NULL);
INSERT INTO `SignIn`
VALUES (3735, '1804270127', '2020-11-10', '2020-11-10 15:55:44', NULL);
INSERT INTO `SignIn`
VALUES (3736, '1804270211', '2020-11-10', '2020-11-10 15:55:44', NULL);
INSERT INTO `SignIn`
VALUES (3737, '1804270204', '2020-11-10', '2020-11-10 15:55:44', NULL);
INSERT INTO `SignIn`
VALUES (3738, '1804270118', '2020-11-10', '2020-11-10 15:55:44', NULL);
INSERT INTO `SignIn`
VALUES (3739, '1804270219', '2020-11-10', '2020-11-10 15:55:43', NULL);
INSERT INTO `SignIn`
VALUES (3740, '1804270220', '2020-11-10', '2020-11-10 15:55:41', NULL);
INSERT INTO `SignIn`
VALUES (3741, '1804270227', '2020-11-10', '2020-11-10 15:55:41', NULL);
INSERT INTO `SignIn`
VALUES (3742, '1804270309', '2020-11-10', '2020-11-10 15:55:41', NULL);
INSERT INTO `SignIn`
VALUES (3743, '1804270308', '2020-11-10', '2020-11-10 15:55:40', NULL);
INSERT INTO `SignIn`
VALUES (3744, '1804270224', '2020-11-10', '2020-11-10 15:55:40', NULL);
INSERT INTO `SignIn`
VALUES (3745, '1804270128', '2020-11-10', '2020-11-10 15:55:38', NULL);
INSERT INTO `SignIn`
VALUES (3746, '1804270306', '2020-11-10', '2020-11-10 15:55:37', NULL);
INSERT INTO `SignIn`
VALUES (3747, '1804270213', '2020-11-10', '2020-11-10 15:55:36', NULL);
INSERT INTO `SignIn`
VALUES (3748, '1804270106', '2020-11-10', '2020-11-10 15:55:36', NULL);
INSERT INTO `SignIn`
VALUES (3749, '1804270110', '2020-11-10', '2020-11-10 15:55:36', NULL);
INSERT INTO `SignIn`
VALUES (3750, '1808230325', '2020-11-10', '2020-11-10 15:55:36', NULL);
INSERT INTO `SignIn`
VALUES (3751, '1804270120', '2020-11-10', '2020-11-10 15:55:36', NULL);
INSERT INTO `SignIn`
VALUES (3752, '1804270206', '2020-11-10', '2020-11-10 15:55:35', NULL);
INSERT INTO `SignIn`
VALUES (3753, '1804270124', '2020-11-10', '2020-11-10 15:55:34', NULL);
INSERT INTO `SignIn`
VALUES (3754, '1804270103', '2020-11-10', '2020-11-10 15:55:30', NULL);
INSERT INTO `SignIn`
VALUES (3755, '1804270126', '2020-11-10', '2020-11-10 15:55:29', NULL);
INSERT INTO `SignIn`
VALUES (3756, '1804270214', '2020-11-10', '2020-11-10 15:55:29', NULL);
INSERT INTO `SignIn`
VALUES (3757, '1804270229', '2020-11-10', '2020-11-10 15:55:27', NULL);
INSERT INTO `SignIn`
VALUES (3758, '1804270317', '2020-11-10', '2020-11-10 15:55:27', NULL);
INSERT INTO `SignIn`
VALUES (3759, '1804270321', '2020-11-10', '2020-11-10 15:55:26', NULL);
INSERT INTO `SignIn`
VALUES (3760, '1804270307', '2020-11-10', '2020-11-10 15:55:26', NULL);
INSERT INTO `SignIn`
VALUES (3761, '1804270228', '2020-11-10', '2020-11-10 15:55:25', NULL);
INSERT INTO `SignIn`
VALUES (3762, '1804270326', '2020-11-10', '2020-11-10 15:55:23', NULL);
INSERT INTO `SignIn`
VALUES (3763, '1804270121', '2020-11-10', '2020-11-10 15:55:21', NULL);
INSERT INTO `SignIn`
VALUES (3764, '1804270318', '2020-11-06', '2020-11-06 09:33:16', NULL);
INSERT INTO `SignIn`
VALUES (3765, '1804270330', '2020-11-06', '2020-11-06 09:32:49', NULL);
INSERT INTO `SignIn`
VALUES (3766, '1804270123', '2020-11-06', '2020-11-06 09:02:53', NULL);
INSERT INTO `SignIn`
VALUES (3767, '1804270321', '2020-11-06', '2020-11-06 08:05:56', NULL);
INSERT INTO `SignIn`
VALUES (3768, '1804270223', '2020-11-06', '2020-11-06 08:04:52', NULL);
INSERT INTO `SignIn`
VALUES (3769, '1804270317', '2020-11-06', '2020-11-06 08:04:46', NULL);
INSERT INTO `SignIn`
VALUES (3770, '1804270218', '2020-11-06', '2020-11-06 08:02:36', NULL);
INSERT INTO `SignIn`
VALUES (3771, '1804270229', '2020-11-06', '2020-11-06 08:02:18', NULL);
INSERT INTO `SignIn`
VALUES (3772, '1804270323', '2020-11-06', '2020-11-06 08:02:16', NULL);
INSERT INTO `SignIn`
VALUES (3773, '1804270230', '2020-11-06', '2020-11-06 08:02:04', NULL);
INSERT INTO `SignIn`
VALUES (3774, '1804270219', '2020-11-06', '2020-11-06 08:02:04', NULL);
INSERT INTO `SignIn`
VALUES (3775, '1804270211', '2020-11-06', '2020-11-06 08:02:01', NULL);
INSERT INTO `SignIn`
VALUES (3776, '1804270324', '2020-11-06', '2020-11-06 08:01:51', NULL);
INSERT INTO `SignIn`
VALUES (3777, '1804270316', '2020-11-06', '2020-11-06 08:01:44', NULL);
INSERT INTO `SignIn`
VALUES (3778, '1804270226', '2020-11-06', '2020-11-06 08:01:41', NULL);
INSERT INTO `SignIn`
VALUES (3779, '1804270320', '2020-11-06', '2020-11-06 08:01:36', NULL);
INSERT INTO `SignIn`
VALUES (3780, '1804270130', '2020-11-06', '2020-11-06 08:01:31', NULL);
INSERT INTO `SignIn`
VALUES (3781, '1804270313', '2020-11-06', '2020-11-06 08:01:24', NULL);
INSERT INTO `SignIn`
VALUES (3782, '1804270327', '2020-11-06', '2020-11-06 08:01:11', NULL);
INSERT INTO `SignIn`
VALUES (3783, '1804270329', '2020-11-06', '2020-11-06 08:01:10', NULL);
INSERT INTO `SignIn`
VALUES (3784, '1804270308', '2020-11-06', '2020-11-06 08:01:04', NULL);
INSERT INTO `SignIn`
VALUES (3785, '1804270227', '2020-11-06', '2020-11-06 08:00:58', NULL);
INSERT INTO `SignIn`
VALUES (3786, '1804270311', '2020-11-06', '2020-11-06 08:00:56', NULL);
INSERT INTO `SignIn`
VALUES (3787, '1804270121', '2020-11-06', '2020-11-06 08:00:54', NULL);
INSERT INTO `SignIn`
VALUES (3788, '1804270312', '2020-11-06', '2020-11-06 08:00:53', NULL);
INSERT INTO `SignIn`
VALUES (3789, '1804270303', '2020-11-06', '2020-11-06 08:00:53', NULL);
INSERT INTO `SignIn`
VALUES (3790, '1804270110', '2020-11-06', '2020-11-06 08:00:50', NULL);
INSERT INTO `SignIn`
VALUES (3791, '1804270115', '2020-11-06', '2020-11-06 08:00:31', NULL);
INSERT INTO `SignIn`
VALUES (3792, '1804270120', '2020-11-06', '2020-11-06 08:00:28', NULL);
INSERT INTO `SignIn`
VALUES (3793, '1804270222', '2020-11-06', '2020-11-06 08:00:24', NULL);
INSERT INTO `SignIn`
VALUES (3794, '1804270201', '2020-11-06', '2020-11-06 08:00:21', NULL);
INSERT INTO `SignIn`
VALUES (3795, '1804270105', '2020-11-06', '2020-11-06 08:00:16', NULL);
INSERT INTO `SignIn`
VALUES (3796, '1804270206', '2020-11-06', '2020-11-06 08:00:14', NULL);
INSERT INTO `SignIn`
VALUES (3797, '1804270204', '2020-11-06', '2020-11-06 08:00:13', NULL);
INSERT INTO `SignIn`
VALUES (3798, '1804270118', '2020-11-06', '2020-11-06 08:00:12', NULL);
INSERT INTO `SignIn`
VALUES (3799, '1804270107', '2020-11-06', '2020-11-06 08:00:07', NULL);
INSERT INTO `SignIn`
VALUES (3800, '1804270214', '2020-11-06', '2020-11-06 08:00:07', NULL);
INSERT INTO `SignIn`
VALUES (3801, '1808230327', '2020-11-06', '2020-11-06 08:00:07', NULL);
INSERT INTO `SignIn`
VALUES (3802, '1804270124', '2020-11-06', '2020-11-06 08:00:06', NULL);
INSERT INTO `SignIn`
VALUES (3803, '1804270128', '2020-11-06', '2020-11-06 08:00:04', NULL);
INSERT INTO `SignIn`
VALUES (3804, '1804270217', '2020-11-06', '2020-11-06 08:00:02', NULL);
INSERT INTO `SignIn`
VALUES (3805, '1804270108', '2020-11-06', '2020-11-06 08:00:00', NULL);
INSERT INTO `SignIn`
VALUES (3806, '1804270307', '2020-11-06', '2020-11-06 08:00:00', NULL);
INSERT INTO `SignIn`
VALUES (3807, '1804270213', '2020-11-06', '2020-11-06 07:59:55', NULL);
INSERT INTO `SignIn`
VALUES (3808, '1804270126', '2020-11-06', '2020-11-06 07:59:50', NULL);
INSERT INTO `SignIn`
VALUES (3809, '1804270224', '2020-11-06', '2020-11-06 07:59:42', NULL);
INSERT INTO `SignIn`
VALUES (3810, '1804270103', '2020-11-06', '2020-11-06 07:59:42', NULL);
INSERT INTO `SignIn`
VALUES (3811, '1808230325', '2020-11-06', '2020-11-06 07:59:42', NULL);
INSERT INTO `SignIn`
VALUES (3812, '1804270326', '2020-11-06', '2020-11-06 07:59:41', NULL);
INSERT INTO `SignIn`
VALUES (3813, '1804270309', '2020-11-06', '2020-11-06 07:59:41', NULL);
INSERT INTO `SignIn`
VALUES (3814, '1804270220', '2020-11-06', '2020-11-06 07:59:40', NULL);
INSERT INTO `SignIn`
VALUES (3815, '1804270228', '2020-11-06', '2020-11-06 07:59:37', NULL);
INSERT INTO `SignIn`
VALUES (3816, '1804270306', '2020-11-06', '2020-11-06 07:59:37', NULL);
INSERT INTO `SignIn`
VALUES (3817, '1804270106', '2020-11-06', '2020-11-06 07:59:25', NULL);
INSERT INTO `SignIn`
VALUES (3818, '1804270201', '2020-11-03', '2020-11-03 15:59:54', NULL);
INSERT INTO `SignIn`
VALUES (3819, '1804270318', '2020-11-03', '2020-11-03 15:59:52', NULL);
INSERT INTO `SignIn`
VALUES (3820, '1804270316', '2020-11-03', '2020-11-03 15:59:44', NULL);
INSERT INTO `SignIn`
VALUES (3821, '1804270211', '2020-11-03', '2020-11-03 15:56:22', NULL);
INSERT INTO `SignIn`
VALUES (3822, '1804270312', '2020-11-03', '2020-11-03 15:56:21', NULL);
INSERT INTO `SignIn`
VALUES (3823, '1804270320', '2020-11-03', '2020-11-03 15:55:55', NULL);
INSERT INTO `SignIn`
VALUES (3824, '1804270317', '2020-11-03', '2020-11-03 15:55:52', NULL);
INSERT INTO `SignIn`
VALUES (3825, '1804270327', '2020-11-03', '2020-11-03 15:55:52', NULL);
INSERT INTO `SignIn`
VALUES (3826, '1804270230', '2020-11-03', '2020-11-03 15:55:47', NULL);
INSERT INTO `SignIn`
VALUES (3827, '1804270330', '2020-11-03', '2020-11-03 15:55:45', NULL);
INSERT INTO `SignIn`
VALUES (3828, '1804270329', '2020-11-03', '2020-11-03 15:55:40', NULL);
INSERT INTO `SignIn`
VALUES (3829, '1804270313', '2020-11-03', '2020-11-03 15:55:23', NULL);
INSERT INTO `SignIn`
VALUES (3830, '1804270219', '2020-11-03', '2020-11-03 15:55:23', NULL);
INSERT INTO `SignIn`
VALUES (3831, '1804270311', '2020-11-03', '2020-11-03 15:55:18', NULL);
INSERT INTO `SignIn`
VALUES (3832, '1804270124', '2020-11-03', '2020-11-03 15:55:17', NULL);
INSERT INTO `SignIn`
VALUES (3833, '1804270306', '2020-11-03', '2020-11-03 15:55:10', NULL);
INSERT INTO `SignIn`
VALUES (3834, '1804270226', '2020-11-03', '2020-11-03 15:54:54', NULL);
INSERT INTO `SignIn`
VALUES (3835, '1804270130', '2020-11-03', '2020-11-03 15:54:18', NULL);
INSERT INTO `SignIn`
VALUES (3836, '1804270103', '2020-11-03', '2020-11-03 15:54:10', NULL);
INSERT INTO `SignIn`
VALUES (3837, '1804270323', '2020-11-03', '2020-11-03 15:53:58', NULL);
INSERT INTO `SignIn`
VALUES (3838, '1804270223', '2020-11-03', '2020-11-03 15:53:56', NULL);
INSERT INTO `SignIn`
VALUES (3839, '1804270321', '2020-11-03', '2020-11-03 15:53:54', NULL);
INSERT INTO `SignIn`
VALUES (3840, '1804270125', '2020-11-03', '2020-11-03 15:53:52', NULL);
INSERT INTO `SignIn`
VALUES (3841, '1808230325', '2020-11-03', '2020-11-03 15:53:48', NULL);
INSERT INTO `SignIn`
VALUES (3842, '1804270324', '2020-11-03', '2020-11-03 15:53:40', NULL);
INSERT INTO `SignIn`
VALUES (3843, '1804270126', '2020-11-03', '2020-11-03 15:53:39', NULL);
INSERT INTO `SignIn`
VALUES (3844, '1804270123', '2020-11-03', '2020-11-03 15:53:37', NULL);
INSERT INTO `SignIn`
VALUES (3845, '1804270220', '2020-11-03', '2020-11-03 15:53:32', NULL);
INSERT INTO `SignIn`
VALUES (3846, '1804270110', '2020-11-03', '2020-11-03 15:53:27', NULL);
INSERT INTO `SignIn`
VALUES (3847, '1804270122', '2020-11-03', '2020-11-03 15:53:27', NULL);
INSERT INTO `SignIn`
VALUES (3848, '1804270308', '2020-11-03', '2020-11-03 15:53:26', NULL);
INSERT INTO `SignIn`
VALUES (3849, '1804270128', '2020-11-03', '2020-11-03 15:53:25', NULL);
INSERT INTO `SignIn`
VALUES (3850, '1804270107', '2020-11-03', '2020-11-03 15:53:22', NULL);
INSERT INTO `SignIn`
VALUES (3851, '1804270108', '2020-11-03', '2020-11-03 15:53:21', NULL);
INSERT INTO `SignIn`
VALUES (3852, '1804270303', '2020-11-03', '2020-11-03 15:53:20', NULL);
INSERT INTO `SignIn`
VALUES (3853, '1804270127', '2020-11-03', '2020-11-03 15:53:17', NULL);
INSERT INTO `SignIn`
VALUES (3854, '1804270307', '2020-11-03', '2020-11-03 15:53:17', NULL);
INSERT INTO `SignIn`
VALUES (3855, '1804270118', '2020-11-03', '2020-11-03 15:53:17', NULL);
INSERT INTO `SignIn`
VALUES (3856, '1804270105', '2020-11-03', '2020-11-03 15:53:16', NULL);
INSERT INTO `SignIn`
VALUES (3857, '1804270214', '2020-11-03', '2020-11-03 15:53:14', NULL);
INSERT INTO `SignIn`
VALUES (3858, '1804270106', '2020-11-03', '2020-11-03 15:53:14', NULL);
INSERT INTO `SignIn`
VALUES (3859, '1804270218', '2020-11-03', '2020-11-03 15:53:11', NULL);
INSERT INTO `SignIn`
VALUES (3860, '1804270228', '2020-11-03', '2020-11-03 15:53:11', NULL);
INSERT INTO `SignIn`
VALUES (3861, '1808230327', '2020-11-03', '2020-11-03 15:53:10', NULL);
INSERT INTO `SignIn`
VALUES (3862, '1804270222', '2020-11-03', '2020-11-03 15:53:10', NULL);
INSERT INTO `SignIn`
VALUES (3863, '1804270213', '2020-11-03', '2020-11-03 15:53:09', NULL);
INSERT INTO `SignIn`
VALUES (3864, '1804270204', '2020-11-03', '2020-11-03 15:53:08', NULL);
INSERT INTO `SignIn`
VALUES (3865, '1804270229', '2020-11-03', '2020-11-03 15:53:05', NULL);
INSERT INTO `SignIn`
VALUES (3866, '1804270217', '2020-11-03', '2020-11-03 15:53:01', NULL);
INSERT INTO `SignIn`
VALUES (3867, '1804270326', '2020-11-03', '2020-11-03 15:53:00', NULL);
INSERT INTO `SignIn`
VALUES (3868, '1804270115', '2020-11-03', '2020-11-03 15:52:59', NULL);
INSERT INTO `SignIn`
VALUES (3869, '1804270224', '2020-11-03', '2020-11-03 15:52:58', NULL);
INSERT INTO `SignIn`
VALUES (3870, '1804270206', '2020-11-03', '2020-11-03 15:52:58', NULL);
INSERT INTO `SignIn`
VALUES (3871, '1804270227', '2020-11-03', '2020-11-03 15:52:57', NULL);
INSERT INTO `SignIn`
VALUES (3872, '1804270121', '2020-11-03', '2020-11-03 15:52:55', NULL);
INSERT INTO `SignIn`
VALUES (3873, '1804270309', '2020-11-03', '2020-11-03 15:52:55', NULL);
INSERT INTO `SignIn`
VALUES (3874, '1804270120', '2020-11-03', '2020-11-03 15:52:54', NULL);
INSERT INTO `SignIn`
VALUES (3875, '1804270229', '2020-10-30', '2020-10-30 08:12:07', NULL);
INSERT INTO `SignIn`
VALUES (3876, '1804270320', '2020-10-30', '2020-10-30 08:10:07', NULL);
INSERT INTO `SignIn`
VALUES (3877, '1804270330', '2020-10-30', '2020-10-30 08:02:50', NULL);
INSERT INTO `SignIn`
VALUES (3878, '1804270329', '2020-10-30', '2020-10-30 08:02:42', NULL);
INSERT INTO `SignIn`
VALUES (3879, '1804270127', '2020-10-30', '2020-10-30 08:02:36', NULL);
INSERT INTO `SignIn`
VALUES (3880, '1804270317', '2020-10-30', '2020-10-30 08:02:19', NULL);
INSERT INTO `SignIn`
VALUES (3881, '1804270122', '2020-10-30', '2020-10-30 08:02:19', NULL);
INSERT INTO `SignIn`
VALUES (3882, '1804270218', '2020-10-30', '2020-10-30 08:02:09', NULL);
INSERT INTO `SignIn`
VALUES (3883, '1804270120', '2020-10-30', '2020-10-30 08:02:07', NULL);
INSERT INTO `SignIn`
VALUES (3884, '1804270327', '2020-10-30', '2020-10-30 08:02:06', NULL);
INSERT INTO `SignIn`
VALUES (3885, '1804270230', '2020-10-30', '2020-10-30 08:02:06', NULL);
INSERT INTO `SignIn`
VALUES (3886, '1804270318', '2020-10-30', '2020-10-30 08:01:59', NULL);
INSERT INTO `SignIn`
VALUES (3887, '1804270123', '2020-10-30', '2020-10-30 08:01:59', NULL);
INSERT INTO `SignIn`
VALUES (3888, '1804270321', '2020-10-30', '2020-10-30 08:01:53', NULL);
INSERT INTO `SignIn`
VALUES (3889, '1804270316', '2020-10-30', '2020-10-30 08:01:51', NULL);
INSERT INTO `SignIn`
VALUES (3890, '1804270125', '2020-10-30', '2020-10-30 08:01:46', NULL);
INSERT INTO `SignIn`
VALUES (3891, '1804270108', '2020-10-30', '2020-10-30 08:01:44', NULL);
INSERT INTO `SignIn`
VALUES (3892, '1804270106', '2020-10-30', '2020-10-30 08:01:41', NULL);
INSERT INTO `SignIn`
VALUES (3893, '1804270308', '2020-10-30', '2020-10-30 08:01:41', NULL);
INSERT INTO `SignIn`
VALUES (3894, '1804270228', '2020-10-30', '2020-10-30 08:01:40', NULL);
INSERT INTO `SignIn`
VALUES (3895, '1804270126', '2020-10-30', '2020-10-30 08:01:40', NULL);
INSERT INTO `SignIn`
VALUES (3896, '1804270223', '2020-10-30', '2020-10-30 08:01:38', NULL);
INSERT INTO `SignIn`
VALUES (3897, '1804270227', '2020-10-30', '2020-10-30 08:01:34', NULL);
INSERT INTO `SignIn`
VALUES (3898, '1804270130', '2020-10-30', '2020-10-30 08:01:34', NULL);
INSERT INTO `SignIn`
VALUES (3899, '1804270311', '2020-10-30', '2020-10-30 08:01:31', NULL);
INSERT INTO `SignIn`
VALUES (3900, '1804270211', '2020-10-30', '2020-10-30 08:01:27', NULL);
INSERT INTO `SignIn`
VALUES (3901, '1804270309', '2020-10-30', '2020-10-30 08:01:27', NULL);
INSERT INTO `SignIn`
VALUES (3902, '1804270303', '2020-10-30', '2020-10-30 08:01:26', NULL);
INSERT INTO `SignIn`
VALUES (3903, '1804270224', '2020-10-30', '2020-10-30 08:01:26', NULL);
INSERT INTO `SignIn`
VALUES (3904, '1804270124', '2020-10-30', '2020-10-30 08:01:25', NULL);
INSERT INTO `SignIn`
VALUES (3905, '1804270213', '2020-10-30', '2020-10-30 08:01:25', NULL);
INSERT INTO `SignIn`
VALUES (3906, '1804270128', '2020-10-30', '2020-10-30 08:01:24', NULL);
INSERT INTO `SignIn`
VALUES (3907, '1804270204', '2020-10-30', '2020-10-30 08:01:24', NULL);
INSERT INTO `SignIn`
VALUES (3908, '1804270107', '2020-10-30', '2020-10-30 08:01:24', NULL);
INSERT INTO `SignIn`
VALUES (3909, '1804270312', '2020-10-30', '2020-10-30 08:01:23', NULL);
INSERT INTO `SignIn`
VALUES (3910, '1804270323', '2020-10-30', '2020-10-30 08:01:22', NULL);
INSERT INTO `SignIn`
VALUES (3911, '1804270105', '2020-10-30', '2020-10-30 08:01:21', NULL);
INSERT INTO `SignIn`
VALUES (3912, '1804270110', '2020-10-30', '2020-10-30 08:01:20', NULL);
INSERT INTO `SignIn`
VALUES (3913, '1804270306', '2020-10-30', '2020-10-30 08:01:18', NULL);
INSERT INTO `SignIn`
VALUES (3914, '1804270324', '2020-10-30', '2020-10-30 08:01:18', NULL);
INSERT INTO `SignIn`
VALUES (3915, '1804270219', '2020-10-30', '2020-10-30 08:01:16', NULL);
INSERT INTO `SignIn`
VALUES (3916, '1804270226', '2020-10-30', '2020-10-30 08:01:15', NULL);
INSERT INTO `SignIn`
VALUES (3917, '1804270115', '2020-10-30', '2020-10-30 08:01:14', NULL);
INSERT INTO `SignIn`
VALUES (3918, '1808230325', '2020-10-30', '2020-10-30 08:01:13', NULL);
INSERT INTO `SignIn`
VALUES (3919, '1804270220', '2020-10-30', '2020-10-30 08:01:12', NULL);
INSERT INTO `SignIn`
VALUES (3920, '1804270313', '2020-10-30', '2020-10-30 08:01:10', NULL);
INSERT INTO `SignIn`
VALUES (3921, '1804270201', '2020-10-30', '2020-10-30 08:01:10', NULL);
INSERT INTO `SignIn`
VALUES (3922, '1804270326', '2020-10-30', '2020-10-30 08:01:09', NULL);
INSERT INTO `SignIn`
VALUES (3923, '1804270217', '2020-10-30', '2020-10-30 08:01:08', NULL);
INSERT INTO `SignIn`
VALUES (3924, '1804270222', '2020-10-30', '2020-10-30 08:01:08', NULL);
INSERT INTO `SignIn`
VALUES (3925, '1808230327', '2020-10-30', '2020-10-30 08:01:07', NULL);
INSERT INTO `SignIn`
VALUES (3926, '1804270214', '2020-10-30', '2020-10-30 08:01:07', NULL);
INSERT INTO `SignIn`
VALUES (3927, '1804270206', '2020-10-30', '2020-10-30 08:01:06', NULL);
INSERT INTO `SignIn`
VALUES (3928, '1804270307', '2020-10-30', '2020-10-30 08:01:06', NULL);
INSERT INTO `SignIn`
VALUES (3929, '1804270118', '2020-10-30', '2020-10-30 08:01:05', NULL);
INSERT INTO `SignIn`
VALUES (3930, '1804270103', '2020-10-30', '2020-10-30 08:01:04', NULL);
INSERT INTO `SignIn`
VALUES (3931, '1804270121', '2020-10-30', '2020-10-30 08:01:02', NULL);
INSERT INTO `SignIn`
VALUES (3932, '1804270318', '2020-10-27', '2020-10-27 15:57:38', NULL);
INSERT INTO `SignIn`
VALUES (3933, '1804270316', '2020-10-27', '2020-10-27 15:57:37', NULL);
INSERT INTO `SignIn`
VALUES (3934, '1804270330', '2020-10-27', '2020-10-27 15:57:37', NULL);
INSERT INTO `SignIn`
VALUES (3935, '1804270311', '2020-10-27', '2020-10-27 15:57:12', NULL);
INSERT INTO `SignIn`
VALUES (3936, '1804270329', '2020-10-27', '2020-10-27 15:57:00', NULL);
INSERT INTO `SignIn`
VALUES (3937, '1804270206', '2020-10-27', '2020-10-27 15:56:01', NULL);
INSERT INTO `SignIn`
VALUES (3938, '1804270320', '2020-10-27', '2020-10-27 15:55:48', NULL);
INSERT INTO `SignIn`
VALUES (3939, '1804270211', '2020-10-27', '2020-10-27 15:55:48', NULL);
INSERT INTO `SignIn`
VALUES (3940, '1804270327', '2020-10-27', '2020-10-27 15:55:04', NULL);
INSERT INTO `SignIn`
VALUES (3941, '1804270312', '2020-10-27', '2020-10-27 15:55:02', NULL);
INSERT INTO `SignIn`
VALUES (3942, '1804270228', '2020-10-27', '2020-10-27 15:54:54', NULL);
INSERT INTO `SignIn`
VALUES (3943, '1804270313', '2020-10-27', '2020-10-27 15:54:51', NULL);
INSERT INTO `SignIn`
VALUES (3944, '1804270317', '2020-10-27', '2020-10-27 15:54:46', NULL);
INSERT INTO `SignIn`
VALUES (3945, '1804270323', '2020-10-27', '2020-10-27 15:54:39', NULL);
INSERT INTO `SignIn`
VALUES (3946, '1804270324', '2020-10-27', '2020-10-27 15:54:35', NULL);
INSERT INTO `SignIn`
VALUES (3947, '1804270219', '2020-10-27', '2020-10-27 15:54:33', NULL);
INSERT INTO `SignIn`
VALUES (3948, '1804270224', '2020-10-27', '2020-10-27 15:54:32', NULL);
INSERT INTO `SignIn`
VALUES (3949, '1804270223', '2020-10-27', '2020-10-27 15:54:27', NULL);
INSERT INTO `SignIn`
VALUES (3950, '1804270122', '2020-10-27', '2020-10-27 15:54:20', NULL);
INSERT INTO `SignIn`
VALUES (3951, '1804270229', '2020-10-27', '2020-10-27 15:54:16', NULL);
INSERT INTO `SignIn`
VALUES (3952, '1804270127', '2020-10-27', '2020-10-27 15:54:10', NULL);
INSERT INTO `SignIn`
VALUES (3953, '1804270308', '2020-10-27', '2020-10-27 15:54:06', NULL);
INSERT INTO `SignIn`
VALUES (3954, '1804270230', '2020-10-27', '2020-10-27 15:54:03', NULL);
INSERT INTO `SignIn`
VALUES (3955, '1804270123', '2020-10-27', '2020-10-27 15:54:01', NULL);
INSERT INTO `SignIn`
VALUES (3956, '1804270128', '2020-10-27', '2020-10-27 15:53:50', NULL);
INSERT INTO `SignIn`
VALUES (3957, '1804270218', '2020-10-27', '2020-10-27 15:53:46', NULL);
INSERT INTO `SignIn`
VALUES (3958, '1804270125', '2020-10-27', '2020-10-27 15:53:45', NULL);
INSERT INTO `SignIn`
VALUES (3959, '1804270126', '2020-10-27', '2020-10-27 15:53:34', NULL);
INSERT INTO `SignIn`
VALUES (3960, '1808230327', '2020-10-27', '2020-10-27 15:53:28', NULL);
INSERT INTO `SignIn`
VALUES (3961, '1808230325', '2020-10-27', '2020-10-27 15:53:26', NULL);
INSERT INTO `SignIn`
VALUES (3962, '1804270222', '2020-10-27', '2020-10-27 15:53:10', NULL);
INSERT INTO `SignIn`
VALUES (3963, '1804270201', '2020-10-27', '2020-10-27 15:52:51', NULL);
INSERT INTO `SignIn`
VALUES (3964, '1804270220', '2020-10-27', '2020-10-27 15:52:51', NULL);
INSERT INTO `SignIn`
VALUES (3965, '1804270307', '2020-10-27', '2020-10-27 15:52:49', NULL);
INSERT INTO `SignIn`
VALUES (3966, '1804270309', '2020-10-27', '2020-10-27 15:52:47', NULL);
INSERT INTO `SignIn`
VALUES (3967, '1804270103', '2020-10-27', '2020-10-27 15:52:47', NULL);
INSERT INTO `SignIn`
VALUES (3968, '1804270107', '2020-10-27', '2020-10-27 15:52:41', NULL);
INSERT INTO `SignIn`
VALUES (3969, '1804270227', '2020-10-27', '2020-10-27 15:52:40', NULL);
INSERT INTO `SignIn`
VALUES (3970, '1804270115', '2020-10-27', '2020-10-27 15:52:38', NULL);
INSERT INTO `SignIn`
VALUES (3971, '1804270108', '2020-10-27', '2020-10-27 15:52:38', NULL);
INSERT INTO `SignIn`
VALUES (3972, '1804270105', '2020-10-27', '2020-10-27 15:52:38', NULL);
INSERT INTO `SignIn`
VALUES (3973, '1804270326', '2020-10-27', '2020-10-27 15:52:32', NULL);
INSERT INTO `SignIn`
VALUES (3974, '1804270118', '2020-10-27', '2020-10-27 15:52:31', NULL);
INSERT INTO `SignIn`
VALUES (3975, '1804270121', '2020-10-27', '2020-10-27 15:52:30', NULL);
INSERT INTO `SignIn`
VALUES (3976, '1804270120', '2020-10-27', '2020-10-27 15:52:30', NULL);
INSERT INTO `SignIn`
VALUES (3977, '1804270217', '2020-10-27', '2020-10-27 15:52:29', NULL);
INSERT INTO `SignIn`
VALUES (3978, '1804270306', '2020-10-27', '2020-10-27 15:52:28', NULL);
INSERT INTO `SignIn`
VALUES (3979, '1804270110', '2020-10-27', '2020-10-27 15:52:27', NULL);
INSERT INTO `SignIn`
VALUES (3980, '1804270226', '2020-10-27', '2020-10-27 15:52:24', NULL);
INSERT INTO `SignIn`
VALUES (3981, '1804270303', '2020-10-27', '2020-10-27 15:52:24', NULL);
INSERT INTO `SignIn`
VALUES (3982, '1804270213', '2020-10-27', '2020-10-27 15:52:23', NULL);
INSERT INTO `SignIn`
VALUES (3983, '1804270204', '2020-10-27', '2020-10-27 15:52:23', NULL);
INSERT INTO `SignIn`
VALUES (3984, '1804270214', '2020-10-27', '2020-10-27 15:52:21', NULL);
INSERT INTO `SignIn`
VALUES (3985, '1804270106', '2020-10-27', '2020-10-27 15:52:18', NULL);
INSERT INTO `SignIn`
VALUES (3986, '1804270130', '2020-10-27', '2020-10-27 15:52:16', NULL);
INSERT INTO `SignIn`
VALUES (3987, '1804270124', '2020-10-27', '2020-10-27 15:52:15', NULL);
INSERT INTO `SignIn`
VALUES (3988, '1804270321', '2020-10-27', '2020-10-27 15:52:08', NULL);
INSERT INTO `SignIn`
VALUES (3989, '1804270125', '2020-10-23', '2020-10-23 09:24:33', NULL);
INSERT INTO `SignIn`
VALUES (3990, '1804270130', '2020-10-23', '2020-10-23 09:24:14', NULL);
INSERT INTO `SignIn`
VALUES (3991, '1804270123', '2020-10-23', '2020-10-23 09:01:26', NULL);
INSERT INTO `SignIn`
VALUES (3992, '1804270223', '2020-10-23', '2020-10-23 08:02:32', NULL);
INSERT INTO `SignIn`
VALUES (3993, '1804270327', '2020-10-23', '2020-10-23 08:01:45', NULL);
INSERT INTO `SignIn`
VALUES (3994, '1804270127', '2020-10-23', '2020-10-23 08:01:40', NULL);
INSERT INTO `SignIn`
VALUES (3995, '1804270329', '2020-10-23', '2020-10-23 08:01:28', NULL);
INSERT INTO `SignIn`
VALUES (3996, '1804270318', '2020-10-23', '2020-10-23 08:01:26', NULL);
INSERT INTO `SignIn`
VALUES (3997, '1808230327', '2020-10-23', '2020-10-23 08:01:26', NULL);
INSERT INTO `SignIn`
VALUES (3998, '1804270320', '2020-10-23', '2020-10-23 08:01:25', NULL);
INSERT INTO `SignIn`
VALUES (3999, '1804270330', '2020-10-23', '2020-10-23 08:01:24', NULL);
INSERT INTO `SignIn`
VALUES (4000, '1804270217', '2020-10-23', '2020-10-23 08:01:23', NULL);
INSERT INTO `SignIn`
VALUES (4001, '1804270206', '2020-10-23', '2020-10-23 08:01:20', NULL);
INSERT INTO `SignIn`
VALUES (4002, '1804270321', '2020-10-23', '2020-10-23 08:01:17', NULL);
INSERT INTO `SignIn`
VALUES (4003, '1804270219', '2020-10-23', '2020-10-23 08:01:15', NULL);
INSERT INTO `SignIn`
VALUES (4004, '1804270226', '2020-10-23', '2020-10-23 08:01:13', NULL);
INSERT INTO `SignIn`
VALUES (4005, '1804270316', '2020-10-23', '2020-10-23 08:01:12', NULL);
INSERT INTO `SignIn`
VALUES (4006, '1808230325', '2020-10-23', '2020-10-23 08:01:03', NULL);
INSERT INTO `SignIn`
VALUES (4007, '1804270126', '2020-10-23', '2020-10-23 08:00:43', NULL);
INSERT INTO `SignIn`
VALUES (4008, '1804270115', '2020-10-23', '2020-10-23 08:00:35', NULL);
INSERT INTO `SignIn`
VALUES (4009, '1804270317', '2020-10-23', '2020-10-23 08:00:34', NULL);
INSERT INTO `SignIn`
VALUES (4010, '1804270222', '2020-10-23', '2020-10-23 08:00:27', NULL);
INSERT INTO `SignIn`
VALUES (4011, '1804270211', '2020-10-23', '2020-10-23 08:00:26', NULL);
INSERT INTO `SignIn`
VALUES (4012, '1804270218', '2020-10-23', '2020-10-23 08:00:06', NULL);
INSERT INTO `SignIn`
VALUES (4013, '1804270220', '2020-10-23', '2020-10-23 08:00:01', NULL);
INSERT INTO `SignIn`
VALUES (4014, '1804270201', '2020-10-23', '2020-10-23 08:00:01', NULL);
INSERT INTO `SignIn`
VALUES (4015, '1804270323', '2020-10-23', '2020-10-23 07:59:58', NULL);
INSERT INTO `SignIn`
VALUES (4016, '1804270107', '2020-10-23', '2020-10-23 07:59:49', NULL);
INSERT INTO `SignIn`
VALUES (4017, '1804270230', '2020-10-23', '2020-10-23 07:59:47', NULL);
INSERT INTO `SignIn`
VALUES (4018, '1804270311', '2020-10-23', '2020-10-23 07:59:45', NULL);
INSERT INTO `SignIn`
VALUES (4019, '1804270312', '2020-10-23', '2020-10-23 07:59:44', NULL);
INSERT INTO `SignIn`
VALUES (4020, '1804270307', '2020-10-23', '2020-10-23 07:59:43', NULL);
INSERT INTO `SignIn`
VALUES (4021, '1804270224', '2020-10-23', '2020-10-23 07:59:41', NULL);
INSERT INTO `SignIn`
VALUES (4022, '1804270303', '2020-10-23', '2020-10-23 07:59:41', NULL);
INSERT INTO `SignIn`
VALUES (4023, '1804270128', '2020-10-23', '2020-10-23 07:59:40', NULL);
INSERT INTO `SignIn`
VALUES (4024, '1804270122', '2020-10-23', '2020-10-23 07:59:40', NULL);
INSERT INTO `SignIn`
VALUES (4025, '1804270105', '2020-10-23', '2020-10-23 07:59:37', NULL);
INSERT INTO `SignIn`
VALUES (4026, '1804270229', '2020-10-23', '2020-10-23 07:59:35', NULL);
INSERT INTO `SignIn`
VALUES (4027, '1804270204', '2020-10-23', '2020-10-23 07:59:33', NULL);
INSERT INTO `SignIn`
VALUES (4028, '1804270106', '2020-10-23', '2020-10-23 07:59:33', NULL);
INSERT INTO `SignIn`
VALUES (4029, '1804270121', '2020-10-23', '2020-10-23 07:59:32', NULL);
INSERT INTO `SignIn`
VALUES (4030, '1804270214', '2020-10-23', '2020-10-23 07:59:32', NULL);
INSERT INTO `SignIn`
VALUES (4031, '1804270103', '2020-10-23', '2020-10-23 07:59:31', NULL);
INSERT INTO `SignIn`
VALUES (4032, '1804270306', '2020-10-23', '2020-10-23 07:59:30', NULL);
INSERT INTO `SignIn`
VALUES (4033, '1804270118', '2020-10-23', '2020-10-23 07:59:29', NULL);
INSERT INTO `SignIn`
VALUES (4034, '1804270324', '2020-10-23', '2020-10-23 07:59:28', NULL);
INSERT INTO `SignIn`
VALUES (4035, '1804270309', '2020-10-23', '2020-10-23 07:59:28', NULL);
INSERT INTO `SignIn`
VALUES (4036, '1804270228', '2020-10-23', '2020-10-23 07:59:27', NULL);
INSERT INTO `SignIn`
VALUES (4037, '1804270326', '2020-10-23', '2020-10-23 07:59:24', NULL);
INSERT INTO `SignIn`
VALUES (4038, '1804270308', '2020-10-23', '2020-10-23 07:59:24', NULL);
INSERT INTO `SignIn`
VALUES (4039, '1804270313', '2020-10-23', '2020-10-23 07:59:23', NULL);
INSERT INTO `SignIn`
VALUES (4040, '1804270110', '2020-10-23', '2020-10-23 07:59:14', NULL);
INSERT INTO `SignIn`
VALUES (4041, '1804270108', '2020-10-23', '2020-10-23 07:59:13', NULL);
INSERT INTO `SignIn`
VALUES (4042, '1804270120', '2020-10-23', '2020-10-23 07:59:11', NULL);
INSERT INTO `SignIn`
VALUES (4043, '1804270124', '2020-10-23', '2020-10-23 07:59:04', NULL);
INSERT INTO `SignIn`
VALUES (4044, '1804270227', '2020-10-23', '2020-10-23 07:59:04', NULL);
INSERT INTO `SignIn`
VALUES (4045, '1804270213', '2020-10-23', '2020-10-23 07:59:02', NULL);
INSERT INTO `SignIn`
VALUES (4046, '1804270330', '2020-10-20', '2020-10-20 16:34:29', NULL);
INSERT INTO `SignIn`
VALUES (4047, '1804270320', '2020-10-20', '2020-10-20 15:57:40', NULL);
INSERT INTO `SignIn`
VALUES (4048, '1804270115', '2020-10-20', '2020-10-20 15:57:35', NULL);
INSERT INTO `SignIn`
VALUES (4049, '1804270110', '2020-10-20', '2020-10-20 15:57:27', NULL);
INSERT INTO `SignIn`
VALUES (4050, '1804270324', '2020-10-20', '2020-10-20 15:57:19', NULL);
INSERT INTO `SignIn`
VALUES (4051, '1804270323', '2020-10-20', '2020-10-20 15:56:53', NULL);
INSERT INTO `SignIn`
VALUES (4052, '1804270105', '2020-10-20', '2020-10-20 15:56:28', NULL);
INSERT INTO `SignIn`
VALUES (4053, '1804270220', '2020-10-20', '2020-10-20 15:56:25', NULL);
INSERT INTO `SignIn`
VALUES (4054, '1804270108', '2020-10-20', '2020-10-20 15:56:19', NULL);
INSERT INTO `SignIn`
VALUES (4055, '1804270222', '2020-10-20', '2020-10-20 15:56:18', NULL);
INSERT INTO `SignIn`
VALUES (4056, '1808230327', '2020-10-20', '2020-10-20 15:56:10', NULL);
INSERT INTO `SignIn`
VALUES (4057, '1804270201', '2020-10-20', '2020-10-20 15:56:09', NULL);
INSERT INTO `SignIn`
VALUES (4058, '1804270316', '2020-10-20', '2020-10-20 15:56:07', NULL);
INSERT INTO `SignIn`
VALUES (4059, '1804270118', '2020-10-20', '2020-10-20 15:56:07', NULL);
INSERT INTO `SignIn`
VALUES (4060, '1804270318', '2020-10-20', '2020-10-20 15:56:06', NULL);
INSERT INTO `SignIn`
VALUES (4061, '1804270107', '2020-10-20', '2020-10-20 15:56:05', NULL);
INSERT INTO `SignIn`
VALUES (4062, '1804270127', '2020-10-20', '2020-10-20 15:55:59', NULL);
INSERT INTO `SignIn`
VALUES (4063, '1804270103', '2020-10-20', '2020-10-20 15:55:59', NULL);
INSERT INTO `SignIn`
VALUES (4064, '1804270321', '2020-10-20', '2020-10-20 15:55:56', NULL);
INSERT INTO `SignIn`
VALUES (4065, '1804270223', '2020-10-20', '2020-10-20 15:55:55', NULL);
INSERT INTO `SignIn`
VALUES (4066, '1804270123', '2020-10-20', '2020-10-20 15:55:55', NULL);
INSERT INTO `SignIn`
VALUES (4067, '1804270311', '2020-10-20', '2020-10-20 15:55:50', NULL);
INSERT INTO `SignIn`
VALUES (4068, '1804270327', '2020-10-20', '2020-10-20 15:55:50', NULL);
INSERT INTO `SignIn`
VALUES (4069, '1804270329', '2020-10-20', '2020-10-20 15:55:50', NULL);
INSERT INTO `SignIn`
VALUES (4070, '1804270230', '2020-10-20', '2020-10-20 15:55:48', NULL);
INSERT INTO `SignIn`
VALUES (4071, '1804270307', '2020-10-20', '2020-10-20 15:55:47', NULL);
INSERT INTO `SignIn`
VALUES (4072, '1804270312', '2020-10-20', '2020-10-20 15:55:46', NULL);
INSERT INTO `SignIn`
VALUES (4073, '1804270121', '2020-10-20', '2020-10-20 15:55:44', NULL);
INSERT INTO `SignIn`
VALUES (4074, '1804270303', '2020-10-20', '2020-10-20 15:55:44', NULL);
INSERT INTO `SignIn`
VALUES (4075, '1804270214', '2020-10-20', '2020-10-20 15:55:43', NULL);
INSERT INTO `SignIn`
VALUES (4076, '1804270122', '2020-10-20', '2020-10-20 15:55:41', NULL);
INSERT INTO `SignIn`
VALUES (4077, '1804270128', '2020-10-20', '2020-10-20 15:55:41', NULL);
INSERT INTO `SignIn`
VALUES (4078, '1804270309', '2020-10-20', '2020-10-20 15:55:41', NULL);
INSERT INTO `SignIn`
VALUES (4079, '1804270124', '2020-10-20', '2020-10-20 15:55:37', NULL);
INSERT INTO `SignIn`
VALUES (4080, '1804270130', '2020-10-20', '2020-10-20 15:55:37', NULL);
INSERT INTO `SignIn`
VALUES (4081, '1808230325', '2020-10-20', '2020-10-20 15:55:36', NULL);
INSERT INTO `SignIn`
VALUES (4082, '1804270224', '2020-10-20', '2020-10-20 15:55:35', NULL);
INSERT INTO `SignIn`
VALUES (4083, '1804270228', '2020-10-20', '2020-10-20 15:55:34', NULL);
INSERT INTO `SignIn`
VALUES (4084, '1804270211', '2020-10-20', '2020-10-20 15:55:33', NULL);
INSERT INTO `SignIn`
VALUES (4085, '1804270306', '2020-10-20', '2020-10-20 15:55:33', NULL);
INSERT INTO `SignIn`
VALUES (4086, '1804270217', '2020-10-20', '2020-10-20 15:55:33', NULL);
INSERT INTO `SignIn`
VALUES (4087, '1804270226', '2020-10-20', '2020-10-20 15:55:31', NULL);
INSERT INTO `SignIn`
VALUES (4088, '1804270218', '2020-10-20', '2020-10-20 15:55:29', NULL);
INSERT INTO `SignIn`
VALUES (4089, '1804270120', '2020-10-20', '2020-10-20 15:55:28', NULL);
INSERT INTO `SignIn`
VALUES (4090, '1804270308', '2020-10-20', '2020-10-20 15:55:28', NULL);
INSERT INTO `SignIn`
VALUES (4091, '1804270219', '2020-10-20', '2020-10-20 15:55:28', NULL);
INSERT INTO `SignIn`
VALUES (4092, '1804270326', '2020-10-20', '2020-10-20 15:55:27', NULL);
INSERT INTO `SignIn`
VALUES (4093, '1804270204', '2020-10-20', '2020-10-20 15:55:27', NULL);
INSERT INTO `SignIn`
VALUES (4094, '1804270229', '2020-10-20', '2020-10-20 15:55:26', NULL);
INSERT INTO `SignIn`
VALUES (4095, '1804270206', '2020-10-20', '2020-10-20 15:55:26', NULL);
INSERT INTO `SignIn`
VALUES (4096, '1804270317', '2020-10-20', '2020-10-20 15:55:25', NULL);
INSERT INTO `SignIn`
VALUES (4097, '1804270213', '2020-10-20', '2020-10-20 15:55:25', NULL);
INSERT INTO `SignIn`
VALUES (4098, '1804270125', '2020-10-20', '2020-10-20 15:55:24', NULL);
INSERT INTO `SignIn`
VALUES (4099, '1804270126', '2020-10-20', '2020-10-20 15:55:24', NULL);
INSERT INTO `SignIn`
VALUES (4100, '1804270106', '2020-10-20', '2020-10-20 15:55:22', NULL);
INSERT INTO `SignIn`
VALUES (4101, '1804270313', '2020-10-20', '2020-10-20 15:55:22', NULL);
INSERT INTO `SignIn`
VALUES (4102, '1804270227', '2020-10-20', '2020-10-20 15:55:19', NULL);
INSERT INTO `SignIn`
VALUES (4103, '1804270230', '2020-10-16', '2020-10-16 08:03:47', NULL);
INSERT INTO `SignIn`
VALUES (4104, '1804270217', '2020-10-16', '2020-10-16 08:03:34', NULL);
INSERT INTO `SignIn`
VALUES (4105, '1804270326', '2020-10-16', '2020-10-16 08:03:30', NULL);
INSERT INTO `SignIn`
VALUES (4106, '1804270130', '2020-10-16', '2020-10-16 08:03:19', NULL);
INSERT INTO `SignIn`
VALUES (4107, '1804270224', '2020-10-16', '2020-10-16 08:03:19', NULL);
INSERT INTO `SignIn`
VALUES (4108, '1804270321', '2020-10-16', '2020-10-16 08:03:17', NULL);
INSERT INTO `SignIn`
VALUES (4109, '1804270323', '2020-10-16', '2020-10-16 08:03:16', NULL);
INSERT INTO `SignIn`
VALUES (4110, '1804270316', '2020-10-16', '2020-10-16 08:03:13', NULL);
INSERT INTO `SignIn`
VALUES (4111, '1804270318', '2020-10-16', '2020-10-16 08:03:12', NULL);
INSERT INTO `SignIn`
VALUES (4112, '1808230327', '2020-10-16', '2020-10-16 08:03:01', NULL);
INSERT INTO `SignIn`
VALUES (4113, '1804270219', '2020-10-16', '2020-10-16 08:02:56', NULL);
INSERT INTO `SignIn`
VALUES (4114, '1804270324', '2020-10-16', '2020-10-16 08:02:53', NULL);
INSERT INTO `SignIn`
VALUES (4115, '1804270218', '2020-10-16', '2020-10-16 08:02:40', NULL);
INSERT INTO `SignIn`
VALUES (4116, '1804270105', '2020-10-16', '2020-10-16 08:02:39', NULL);
INSERT INTO `SignIn`
VALUES (4117, '1804270313', '2020-10-16', '2020-10-16 08:02:37', NULL);
INSERT INTO `SignIn`
VALUES (4118, '1808230325', '2020-10-16', '2020-10-16 08:02:36', NULL);
INSERT INTO `SignIn`
VALUES (4119, '1804270317', '2020-10-16', '2020-10-16 08:02:33', NULL);
INSERT INTO `SignIn`
VALUES (4120, '1804270312', '2020-10-16', '2020-10-16 08:02:32', NULL);
INSERT INTO `SignIn`
VALUES (4121, '1804270311', '2020-10-16', '2020-10-16 08:02:31', NULL);
INSERT INTO `SignIn`
VALUES (4122, '1804270121', '2020-10-16', '2020-10-16 08:02:27', NULL);
INSERT INTO `SignIn`
VALUES (4123, '1804270125', '2020-10-16', '2020-10-16 08:02:26', NULL);
INSERT INTO `SignIn`
VALUES (4124, '1804270303', '2020-10-16', '2020-10-16 08:02:26', NULL);
INSERT INTO `SignIn`
VALUES (4125, '1804270222', '2020-10-16', '2020-10-16 08:02:24', NULL);
INSERT INTO `SignIn`
VALUES (4126, '1804270327', '2020-10-16', '2020-10-16 08:02:17', NULL);
INSERT INTO `SignIn`
VALUES (4127, '1804270124', '2020-10-16', '2020-10-16 08:02:17', NULL);
INSERT INTO `SignIn`
VALUES (4128, '1804270103', '2020-10-16', '2020-10-16 08:02:16', NULL);
INSERT INTO `SignIn`
VALUES (4129, '1804270118', '2020-10-16', '2020-10-16 08:02:16', NULL);
INSERT INTO `SignIn`
VALUES (4130, '1804270123', '2020-10-16', '2020-10-16 08:02:14', NULL);
INSERT INTO `SignIn`
VALUES (4131, '1804270127', '2020-10-16', '2020-10-16 08:02:11', NULL);
INSERT INTO `SignIn`
VALUES (4132, '1804270307', '2020-10-16', '2020-10-16 08:02:10', NULL);
INSERT INTO `SignIn`
VALUES (4133, '1804270330', '2020-10-16', '2020-10-16 08:02:09', NULL);
INSERT INTO `SignIn`
VALUES (4134, '1804270115', '2020-10-16', '2020-10-16 08:02:07', NULL);
INSERT INTO `SignIn`
VALUES (4135, '1804270204', '2020-10-16', '2020-10-16 08:02:07', NULL);
INSERT INTO `SignIn`
VALUES (4136, '1804270211', '2020-10-16', '2020-10-16 08:02:05', NULL);
INSERT INTO `SignIn`
VALUES (4137, '1804270214', '2020-10-16', '2020-10-16 08:02:04', NULL);
INSERT INTO `SignIn`
VALUES (4138, '1804270228', '2020-10-16', '2020-10-16 08:02:02', NULL);
INSERT INTO `SignIn`
VALUES (4139, '1804270201', '2020-10-16', '2020-10-16 08:02:02', NULL);
INSERT INTO `SignIn`
VALUES (4140, '1804270107', '2020-10-16', '2020-10-16 08:02:01', NULL);
INSERT INTO `SignIn`
VALUES (4141, '1804270320', '2020-10-16', '2020-10-16 08:02:01', NULL);
INSERT INTO `SignIn`
VALUES (4142, '1804270306', '2020-10-16', '2020-10-16 08:02:01', NULL);
INSERT INTO `SignIn`
VALUES (4143, '1804270308', '2020-10-16', '2020-10-16 08:02:00', NULL);
INSERT INTO `SignIn`
VALUES (4144, '1804270329', '2020-10-16', '2020-10-16 08:01:59', NULL);
INSERT INTO `SignIn`
VALUES (4145, '1804270226', '2020-10-16', '2020-10-16 08:01:59', NULL);
INSERT INTO `SignIn`
VALUES (4146, '1804270110', '2020-10-16', '2020-10-16 08:01:59', NULL);
INSERT INTO `SignIn`
VALUES (4147, '1804270213', '2020-10-16', '2020-10-16 08:01:58', NULL);
INSERT INTO `SignIn`
VALUES (4148, '1804270128', '2020-10-16', '2020-10-16 08:01:58', NULL);
INSERT INTO `SignIn`
VALUES (4149, '1804270126', '2020-10-16', '2020-10-16 08:01:58', NULL);
INSERT INTO `SignIn`
VALUES (4150, '1804270227', '2020-10-16', '2020-10-16 08:01:57', NULL);
INSERT INTO `SignIn`
VALUES (4151, '1804270120', '2020-10-16', '2020-10-16 08:01:57', NULL);
INSERT INTO `SignIn`
VALUES (4152, '1804270108', '2020-10-16', '2020-10-16 08:01:56', NULL);
INSERT INTO `SignIn`
VALUES (4153, '1804270309', '2020-10-16', '2020-10-16 08:01:56', NULL);
INSERT INTO `SignIn`
VALUES (4154, '1804270220', '2020-10-16', '2020-10-16 08:01:56', NULL);
INSERT INTO `SignIn`
VALUES (4155, '1804270106', '2020-10-16', '2020-10-16 08:01:55', NULL);
INSERT INTO `SignIn`
VALUES (4156, '1804270223', '2020-10-16', '2020-10-16 08:01:50', NULL);
INSERT INTO `SignIn`
VALUES (4157, '1804270206', '2020-10-16', '2020-10-16 08:01:49', NULL);
INSERT INTO `SignIn`
VALUES (4158, '1804270229', '2020-10-16', '2020-10-16 08:01:43', NULL);
INSERT INTO `SignIn`
VALUES (4159, '1804270122', '2020-10-16', '2020-10-16 08:01:42', NULL);
INSERT INTO `SignIn`
VALUES (4160, '1804270226', '2020-10-13', '2020-10-13 16:00:18', NULL);
INSERT INTO `SignIn`
VALUES (4161, '1804270130', '2020-10-13', '2020-10-13 16:00:12', NULL);
INSERT INTO `SignIn`
VALUES (4162, '1804270217', '2020-10-13', '2020-10-13 15:59:47', NULL);
INSERT INTO `SignIn`
VALUES (4163, '1804270105', '2020-10-13', '2020-10-13 15:57:53', NULL);
INSERT INTO `SignIn`
VALUES (4164, '1804270329', '2020-10-13', '2020-10-13 15:57:35', NULL);
INSERT INTO `SignIn`
VALUES (4165, '1804270108', '2020-10-13', '2020-10-13 15:57:13', NULL);
INSERT INTO `SignIn`
VALUES (4166, '1804270123', '2020-10-13', '2020-10-13 15:57:07', NULL);
INSERT INTO `SignIn`
VALUES (4167, '1804270127', '2020-10-13', '2020-10-13 15:57:04', NULL);
INSERT INTO `SignIn`
VALUES (4168, '1804270320', '2020-10-13', '2020-10-13 15:57:01', NULL);
INSERT INTO `SignIn`
VALUES (4169, '1804270125', '2020-10-13', '2020-10-13 15:56:58', NULL);
INSERT INTO `SignIn`
VALUES (4170, '1804270308', '2020-10-13', '2020-10-13 15:56:56', NULL);
INSERT INTO `SignIn`
VALUES (4171, '1804270206', '2020-10-13', '2020-10-13 15:56:55', NULL);
INSERT INTO `SignIn`
VALUES (4172, '1804270218', '2020-10-13', '2020-10-13 15:56:54', NULL);
INSERT INTO `SignIn`
VALUES (4173, '1804270106', '2020-10-13', '2020-10-13 15:56:51', NULL);
INSERT INTO `SignIn`
VALUES (4174, '1804270220', '2020-10-13', '2020-10-13 15:56:50', NULL);
INSERT INTO `SignIn`
VALUES (4175, '1804270330', '2020-10-13', '2020-10-13 15:56:49', NULL);
INSERT INTO `SignIn`
VALUES (4176, '1804270211', '2020-10-13', '2020-10-13 15:56:40', NULL);
INSERT INTO `SignIn`
VALUES (4177, '1804270317', '2020-10-13', '2020-10-13 15:56:40', NULL);
INSERT INTO `SignIn`
VALUES (4178, '1804270316', '2020-10-13', '2020-10-13 15:56:37', NULL);
INSERT INTO `SignIn`
VALUES (4179, '1804270311', '2020-10-13', '2020-10-13 15:56:34', NULL);
INSERT INTO `SignIn`
VALUES (4180, '1804270306', '2020-10-13', '2020-10-13 15:56:33', NULL);
INSERT INTO `SignIn`
VALUES (4181, '1804270227', '2020-10-13', '2020-10-13 15:56:32', NULL);
INSERT INTO `SignIn`
VALUES (4182, '1804270115', '2020-10-13', '2020-10-13 15:56:31', NULL);
INSERT INTO `SignIn`
VALUES (4183, '1804270223', '2020-10-13', '2020-10-13 15:56:30', NULL);
INSERT INTO `SignIn`
VALUES (4184, '1804270214', '2020-10-13', '2020-10-13 15:56:30', NULL);
INSERT INTO `SignIn`
VALUES (4185, '1804270318', '2020-10-13', '2020-10-13 15:56:30', NULL);
INSERT INTO `SignIn`
VALUES (4186, '1804270126', '2020-10-13', '2020-10-13 15:56:29', NULL);
INSERT INTO `SignIn`
VALUES (4187, '1804270224', '2020-10-13', '2020-10-13 15:56:29', NULL);
INSERT INTO `SignIn`
VALUES (4188, '1804270307', '2020-10-13', '2020-10-13 15:56:27', NULL);
INSERT INTO `SignIn`
VALUES (4189, '1804270201', '2020-10-13', '2020-10-13 15:56:24', NULL);
INSERT INTO `SignIn`
VALUES (4190, '1804270107', '2020-10-13', '2020-10-13 15:56:23', NULL);
INSERT INTO `SignIn`
VALUES (4191, '1808230327', '2020-10-13', '2020-10-13 15:56:23', NULL);
INSERT INTO `SignIn`
VALUES (4192, '1804270219', '2020-10-13', '2020-10-13 15:56:22', NULL);
INSERT INTO `SignIn`
VALUES (4193, '1804270213', '2020-10-13', '2020-10-13 15:56:21', NULL);
INSERT INTO `SignIn`
VALUES (4194, '1804270110', '2020-10-13', '2020-10-13 15:56:19', NULL);
INSERT INTO `SignIn`
VALUES (4195, '1804270222', '2020-10-13', '2020-10-13 15:56:19', NULL);
INSERT INTO `SignIn`
VALUES (4196, '1804270230', '2020-10-13', '2020-10-13 15:56:18', NULL);
INSERT INTO `SignIn`
VALUES (4197, '1804270103', '2020-10-13', '2020-10-13 15:56:17', NULL);
INSERT INTO `SignIn`
VALUES (4198, '1804270313', '2020-10-13', '2020-10-13 15:56:16', NULL);
INSERT INTO `SignIn`
VALUES (4199, '1804270204', '2020-10-13', '2020-10-13 15:56:16', NULL);
INSERT INTO `SignIn`
VALUES (4200, '1804270323', '2020-10-13', '2020-10-13 15:56:14', NULL);
INSERT INTO `SignIn`
VALUES (4201, '1804270122', '2020-10-13', '2020-10-13 15:56:14', NULL);
INSERT INTO `SignIn`
VALUES (4202, '1804270120', '2020-10-13', '2020-10-13 15:56:13', NULL);
INSERT INTO `SignIn`
VALUES (4203, '1804270118', '2020-10-13', '2020-10-13 15:56:12', NULL);
INSERT INTO `SignIn`
VALUES (4204, '1804270124', '2020-10-13', '2020-10-13 15:56:11', NULL);
INSERT INTO `SignIn`
VALUES (4205, '1804270324', '2020-10-13', '2020-10-13 15:56:10', NULL);
INSERT INTO `SignIn`
VALUES (4206, '1804270312', '2020-10-13', '2020-10-13 15:56:10', NULL);
INSERT INTO `SignIn`
VALUES (4207, '1808230325', '2020-10-13', '2020-10-13 15:56:09', NULL);
INSERT INTO `SignIn`
VALUES (4208, '1804270228', '2020-10-13', '2020-10-13 15:56:09', NULL);
INSERT INTO `SignIn`
VALUES (4209, '1804270121', '2020-10-13', '2020-10-13 15:56:08', NULL);
INSERT INTO `SignIn`
VALUES (4210, '1804270326', '2020-10-13', '2020-10-13 15:56:08', NULL);
INSERT INTO `SignIn`
VALUES (4211, '1804270309', '2020-10-13', '2020-10-13 15:56:07', NULL);
INSERT INTO `SignIn`
VALUES (4212, '1804270229', '2020-10-13', '2020-10-13 15:56:06', NULL);
INSERT INTO `SignIn`
VALUES (4213, '1804270303', '2020-10-13', '2020-10-13 15:56:05', NULL);
INSERT INTO `SignIn`
VALUES (4214, '1804270327', '2020-10-13', '2020-10-13 15:56:05', NULL);
INSERT INTO `SignIn`
VALUES (4215, '1804270128', '2020-10-13', '2020-10-13 15:56:03', NULL);
INSERT INTO `SignIn`
VALUES (4216, '1804270321', '2020-10-13', '2020-10-13 15:56:00', NULL);
INSERT INTO `SignIn`
VALUES (4217, '1804270321', '2020-10-09', '2020-10-09 08:21:33', NULL);
INSERT INTO `SignIn`
VALUES (4218, '1804270318', '2020-10-09', '2020-10-09 08:07:56', NULL);
INSERT INTO `SignIn`
VALUES (4219, '1804270230', '2020-10-09', '2020-10-09 08:02:43', NULL);
INSERT INTO `SignIn`
VALUES (4220, '1804270324', '2020-10-09', '2020-10-09 08:02:13', NULL);
INSERT INTO `SignIn`
VALUES (4221, '1808230325', '2020-10-09', '2020-10-09 08:02:13', NULL);
INSERT INTO `SignIn`
VALUES (4222, '1804270316', '2020-10-09', '2020-10-09 08:02:02', NULL);
INSERT INTO `SignIn`
VALUES (4223, '1804270326', '2020-10-09', '2020-10-09 08:01:58', NULL);
INSERT INTO `SignIn`
VALUES (4224, '1804270226', '2020-10-09', '2020-10-09 08:01:56', NULL);
INSERT INTO `SignIn`
VALUES (4225, '1804270228', '2020-10-09', '2020-10-09 08:01:52', NULL);
INSERT INTO `SignIn`
VALUES (4226, '1804270217', '2020-10-09', '2020-10-09 08:01:52', NULL);
INSERT INTO `SignIn`
VALUES (4227, '1804270127', '2020-10-09', '2020-10-09 08:01:51', NULL);
INSERT INTO `SignIn`
VALUES (4228, '1804270306', '2020-10-09', '2020-10-09 08:01:51', NULL);
INSERT INTO `SignIn`
VALUES (4229, '1804270130', '2020-10-09', '2020-10-09 08:01:50', NULL);
INSERT INTO `SignIn`
VALUES (4230, '1804270122', '2020-10-09', '2020-10-09 08:01:37', NULL);
INSERT INTO `SignIn`
VALUES (4231, '1804270125', '2020-10-09', '2020-10-09 08:01:36', NULL);
INSERT INTO `SignIn`
VALUES (4232, '1804270128', '2020-10-09', '2020-10-09 08:01:34', NULL);
INSERT INTO `SignIn`
VALUES (4233, '1804270123', '2020-10-09', '2020-10-09 08:01:32', NULL);
INSERT INTO `SignIn`
VALUES (4234, '1804270320', '2020-10-09', '2020-10-09 08:01:31', NULL);
INSERT INTO `SignIn`
VALUES (4235, '1804270126', '2020-10-09', '2020-10-09 08:01:30', NULL);
INSERT INTO `SignIn`
VALUES (4236, '1804270329', '2020-10-09', '2020-10-09 08:01:23', NULL);
INSERT INTO `SignIn`
VALUES (4237, '1804270327', '2020-10-09', '2020-10-09 08:01:16', NULL);
INSERT INTO `SignIn`
VALUES (4238, '1804270330', '2020-10-09', '2020-10-09 08:01:13', NULL);
INSERT INTO `SignIn`
VALUES (4239, '1804270103', '2020-10-09', '2020-10-09 08:01:13', NULL);
INSERT INTO `SignIn`
VALUES (4240, '1804270218', '2020-10-09', '2020-10-09 08:01:07', NULL);
INSERT INTO `SignIn`
VALUES (4241, '1804270223', '2020-10-09', '2020-10-09 08:01:05', NULL);
INSERT INTO `SignIn`
VALUES (4242, '1804270115', '2020-10-09', '2020-10-09 08:01:05', NULL);
INSERT INTO `SignIn`
VALUES (4243, '1804270107', '2020-10-09', '2020-10-09 08:01:05', NULL);
INSERT INTO `SignIn`
VALUES (4244, '1804270323', '2020-10-09', '2020-10-09 08:01:03', NULL);
INSERT INTO `SignIn`
VALUES (4245, '1804270124', '2020-10-09', '2020-10-09 08:01:00', NULL);
INSERT INTO `SignIn`
VALUES (4246, '1804270121', '2020-10-09', '2020-10-09 08:01:00', NULL);
INSERT INTO `SignIn`
VALUES (4247, '1804270311', '2020-10-09', '2020-10-09 08:00:59', NULL);
INSERT INTO `SignIn`
VALUES (4248, '1804270222', '2020-10-09', '2020-10-09 08:00:58', NULL);
INSERT INTO `SignIn`
VALUES (4249, '1804270224', '2020-10-09', '2020-10-09 08:00:56', NULL);
INSERT INTO `SignIn`
VALUES (4250, '1804270105', '2020-10-09', '2020-10-09 08:00:53', NULL);
INSERT INTO `SignIn`
VALUES (4251, '1804270219', '2020-10-09', '2020-10-09 08:00:49', NULL);
INSERT INTO `SignIn`
VALUES (4252, '1804270204', '2020-10-09', '2020-10-09 08:00:48', NULL);
INSERT INTO `SignIn`
VALUES (4253, '1804270108', '2020-10-09', '2020-10-09 08:00:48', NULL);
INSERT INTO `SignIn`
VALUES (4254, '1804270211', '2020-10-09', '2020-10-09 08:00:48', NULL);
INSERT INTO `SignIn`
VALUES (4255, '1804270308', '2020-10-09', '2020-10-09 08:00:45', NULL);
INSERT INTO `SignIn`
VALUES (4256, '1804270303', '2020-10-09', '2020-10-09 08:00:44', NULL);
INSERT INTO `SignIn`
VALUES (4257, '1804270214', '2020-10-09', '2020-10-09 08:00:44', NULL);
INSERT INTO `SignIn`
VALUES (4258, '1804270229', '2020-10-09', '2020-10-09 08:00:43', NULL);
INSERT INTO `SignIn`
VALUES (4259, '1804270317', '2020-10-09', '2020-10-09 08:00:42', NULL);
INSERT INTO `SignIn`
VALUES (4260, '1804270110', '2020-10-09', '2020-10-09 08:00:39', NULL);
INSERT INTO `SignIn`
VALUES (4261, '1804270106', '2020-10-09', '2020-10-09 08:00:38', NULL);
INSERT INTO `SignIn`
VALUES (4262, '1804270118', '2020-10-09', '2020-10-09 08:00:38', NULL);
INSERT INTO `SignIn`
VALUES (4263, '1804270213', '2020-10-09', '2020-10-09 08:00:36', NULL);
INSERT INTO `SignIn`
VALUES (4264, '1804270313', '2020-10-09', '2020-10-09 08:00:36', NULL);
INSERT INTO `SignIn`
VALUES (4265, '1804270312', '2020-10-09', '2020-10-09 08:00:34', NULL);
INSERT INTO `SignIn`
VALUES (4266, '1804270206', '2020-10-09', '2020-10-09 08:00:33', NULL);
INSERT INTO `SignIn`
VALUES (4267, '1804270201', '2020-10-09', '2020-10-09 08:00:32', NULL);
INSERT INTO `SignIn`
VALUES (4268, '1804270220', '2020-10-09', '2020-10-09 08:00:31', NULL);
INSERT INTO `SignIn`
VALUES (4269, '1804270309', '2020-10-09', '2020-10-09 08:00:31', NULL);
INSERT INTO `SignIn`
VALUES (4270, '1804270227', '2020-10-09', '2020-10-09 08:00:28', NULL);
INSERT INTO `SignIn`
VALUES (4271, '1804270120', '2020-10-09', '2020-10-09 08:00:27', NULL);
INSERT INTO `SignIn`
VALUES (4272, '1808230327', '2020-10-09', '2020-10-09 08:00:26', NULL);
INSERT INTO `SignIn`
VALUES (4273, '1804270307', '2020-10-09', '2020-10-09 08:00:25', NULL);
INSERT INTO `SignIn`
VALUES (4274, '1804270125', '2020-10-06', '2020-10-06 15:57:30', NULL);
INSERT INTO `SignIn`
VALUES (4275, '1804270227', '2020-10-06', '2020-10-06 15:57:19', NULL);
INSERT INTO `SignIn`
VALUES (4276, '1804270219', '2020-10-06', '2020-10-06 15:57:10', NULL);
INSERT INTO `SignIn`
VALUES (4277, '1804270127', '2020-10-06', '2020-10-06 15:57:04', NULL);
INSERT INTO `SignIn`
VALUES (4278, '1804270226', '2020-10-06', '2020-10-06 15:57:02', NULL);
INSERT INTO `SignIn`
VALUES (4279, '1804270230', '2020-10-06', '2020-10-06 15:57:02', NULL);
INSERT INTO `SignIn`
VALUES (4280, '1804270229', '2020-10-06', '2020-10-06 15:57:00', NULL);
INSERT INTO `SignIn`
VALUES (4281, '1804270123', '2020-10-06', '2020-10-06 15:56:47', NULL);
INSERT INTO `SignIn`
VALUES (4282, '1804270308', '2020-10-06', '2020-10-06 15:56:43', NULL);
INSERT INTO `SignIn`
VALUES (4283, '1804270126', '2020-10-06', '2020-10-06 15:56:42', NULL);
INSERT INTO `SignIn`
VALUES (4284, '1804270330', '2020-10-06', '2020-10-06 15:56:35', NULL);
INSERT INTO `SignIn`
VALUES (4285, '1804270327', '2020-10-06', '2020-10-06 15:56:25', NULL);
INSERT INTO `SignIn`
VALUES (4286, '1804270321', '2020-10-06', '2020-10-06 15:55:54', NULL);
INSERT INTO `SignIn`
VALUES (4287, '1804270316', '2020-10-06', '2020-10-06 15:55:54', NULL);
INSERT INTO `SignIn`
VALUES (4288, '1804270122', '2020-10-06', '2020-10-06 15:55:49', NULL);
INSERT INTO `SignIn`
VALUES (4289, '1804270228', '2020-10-06', '2020-10-06 15:55:49', NULL);
INSERT INTO `SignIn`
VALUES (4290, '1804270303', '2020-10-06', '2020-10-06 15:55:37', NULL);
INSERT INTO `SignIn`
VALUES (4291, '1804270320', '2020-10-06', '2020-10-06 15:55:32', NULL);
INSERT INTO `SignIn`
VALUES (4292, '1804270329', '2020-10-06', '2020-10-06 15:55:31', NULL);
INSERT INTO `SignIn`
VALUES (4293, '1804270110', '2020-10-06', '2020-10-06 15:55:29', NULL);
INSERT INTO `SignIn`
VALUES (4294, '1804270213', '2020-10-06', '2020-10-06 15:55:29', NULL);
INSERT INTO `SignIn`
VALUES (4295, '1804270121', '2020-10-06', '2020-10-06 15:55:27', NULL);
INSERT INTO `SignIn`
VALUES (4296, '1804270128', '2020-10-06', '2020-10-06 15:55:26', NULL);
INSERT INTO `SignIn`
VALUES (4297, '1804270318', '2020-10-06', '2020-10-06 15:55:26', NULL);
INSERT INTO `SignIn`
VALUES (4298, '1804270317', '2020-10-06', '2020-10-06 15:55:25', NULL);
INSERT INTO `SignIn`
VALUES (4299, '1804270307', '2020-10-06', '2020-10-06 15:55:24', NULL);
INSERT INTO `SignIn`
VALUES (4300, '1808230325', '2020-10-06', '2020-10-06 15:55:23', NULL);
INSERT INTO `SignIn`
VALUES (4301, '1804270118', '2020-10-06', '2020-10-06 15:55:20', NULL);
INSERT INTO `SignIn`
VALUES (4302, '1804270214', '2020-10-06', '2020-10-06 15:55:19', NULL);
INSERT INTO `SignIn`
VALUES (4303, '1804270312', '2020-10-06', '2020-10-06 15:55:12', NULL);
INSERT INTO `SignIn`
VALUES (4304, '1804270103', '2020-10-06', '2020-10-06 15:55:12', NULL);
INSERT INTO `SignIn`
VALUES (4305, '1808230327', '2020-10-06', '2020-10-06 15:55:12', NULL);
INSERT INTO `SignIn`
VALUES (4306, '1804270108', '2020-10-06', '2020-10-06 15:55:12', NULL);
INSERT INTO `SignIn`
VALUES (4307, '1804270120', '2020-10-06', '2020-10-06 15:55:12', NULL);
INSERT INTO `SignIn`
VALUES (4308, '1804270115', '2020-10-06', '2020-10-06 15:55:11', NULL);
INSERT INTO `SignIn`
VALUES (4309, '1804270323', '2020-10-06', '2020-10-06 15:55:11', NULL);
INSERT INTO `SignIn`
VALUES (4310, '1804270105', '2020-10-06', '2020-10-06 15:55:09', NULL);
INSERT INTO `SignIn`
VALUES (4311, '1804270130', '2020-10-06', '2020-10-06 15:55:06', NULL);
INSERT INTO `SignIn`
VALUES (4312, '1804270206', '2020-10-06', '2020-10-06 15:55:06', NULL);
INSERT INTO `SignIn`
VALUES (4313, '1804270107', '2020-10-06', '2020-10-06 15:55:05', NULL);
INSERT INTO `SignIn`
VALUES (4314, '1804270218', '2020-10-06', '2020-10-06 15:55:04', NULL);
INSERT INTO `SignIn`
VALUES (4315, '1804270324', '2020-10-06', '2020-10-06 15:55:02', NULL);
INSERT INTO `SignIn`
VALUES (4316, '1804270224', '2020-10-06', '2020-10-06 15:55:01', NULL);
INSERT INTO `SignIn`
VALUES (4317, '1804270217', '2020-10-06', '2020-10-06 15:55:00', NULL);
INSERT INTO `SignIn`
VALUES (4318, '1804270201', '2020-10-06', '2020-10-06 15:54:57', NULL);
INSERT INTO `SignIn`
VALUES (4319, '1804270211', '2020-10-06', '2020-10-06 15:54:56', NULL);
INSERT INTO `SignIn`
VALUES (4320, '1804270220', '2020-10-06', '2020-10-06 15:54:56', NULL);
INSERT INTO `SignIn`
VALUES (4321, '1804270326', '2020-10-06', '2020-10-06 15:54:56', NULL);
INSERT INTO `SignIn`
VALUES (4322, '1804270204', '2020-10-06', '2020-10-06 15:54:56', NULL);
INSERT INTO `SignIn`
VALUES (4323, '1804270306', '2020-10-06', '2020-10-06 15:54:53', NULL);
INSERT INTO `SignIn`
VALUES (4324, '1804270124', '2020-10-06', '2020-10-06 15:54:49', NULL);
INSERT INTO `SignIn`
VALUES (4325, '1804270222', '2020-10-06', '2020-10-06 15:54:49', NULL);
INSERT INTO `SignIn`
VALUES (4326, '1804270313', '2020-10-06', '2020-10-06 15:54:49', NULL);
INSERT INTO `SignIn`
VALUES (4327, '1804270311', '2020-10-06', '2020-10-06 15:54:47', NULL);
INSERT INTO `SignIn`
VALUES (4328, '1804270223', '2020-10-06', '2020-10-06 15:54:45', NULL);
INSERT INTO `SignIn`
VALUES (4329, '1804270106', '2020-10-06', '2020-10-06 15:54:44', NULL);
INSERT INTO `SignIn`
VALUES (4330, '1804270309', '2020-10-06', '2020-10-06 15:54:42', NULL);
INSERT INTO `SignIn`
VALUES (4331, '1804270311', '2020-09-29', '2020-09-29 15:55:43', NULL);
INSERT INTO `SignIn`
VALUES (4332, '1804270313', '2020-09-29', '2020-09-29 15:55:43', NULL);
INSERT INTO `SignIn`
VALUES (4333, '1804270312', '2020-09-29', '2020-09-29 15:55:34', NULL);
INSERT INTO `SignIn`
VALUES (4334, '1804270127', '2020-09-29', '2020-09-29 15:55:18', NULL);
INSERT INTO `SignIn`
VALUES (4335, '1804270115', '2020-09-29', '2020-09-29 15:54:38', NULL);
INSERT INTO `SignIn`
VALUES (4336, '1804270318', '2020-09-29', '2020-09-29 15:54:35', NULL);
INSERT INTO `SignIn`
VALUES (4337, '1804270107', '2020-09-29', '2020-09-29 15:54:33', NULL);
INSERT INTO `SignIn`
VALUES (4338, '1804270128', '2020-09-29', '2020-09-29 15:54:19', NULL);
INSERT INTO `SignIn`
VALUES (4339, '1804270226', '2020-09-29', '2020-09-29 15:53:58', NULL);
INSERT INTO `SignIn`
VALUES (4340, '1804270309', '2020-09-29', '2020-09-29 15:53:55', NULL);
INSERT INTO `SignIn`
VALUES (4341, '1804270125', '2020-09-29', '2020-09-29 15:53:54', NULL);
INSERT INTO `SignIn`
VALUES (4342, '1804270124', '2020-09-29', '2020-09-29 15:53:53', NULL);
INSERT INTO `SignIn`
VALUES (4343, '1804270324', '2020-09-29', '2020-09-29 15:53:52', NULL);
INSERT INTO `SignIn`
VALUES (4344, '1804270220', '2020-09-29', '2020-09-29 15:53:51', NULL);
INSERT INTO `SignIn`
VALUES (4345, '1804270308', '2020-09-29', '2020-09-29 15:53:43', NULL);
INSERT INTO `SignIn`
VALUES (4346, '1804270320', '2020-09-29', '2020-09-29 15:53:42', NULL);
INSERT INTO `SignIn`
VALUES (4347, '1804270211', '2020-09-29', '2020-09-29 15:53:38', NULL);
INSERT INTO `SignIn`
VALUES (4348, '1804270103', '2020-09-29', '2020-09-29 15:53:38', NULL);
INSERT INTO `SignIn`
VALUES (4349, '1804270126', '2020-09-29', '2020-09-29 15:53:36', NULL);
INSERT INTO `SignIn`
VALUES (4350, '1804270223', '2020-09-29', '2020-09-29 15:53:35', NULL);
INSERT INTO `SignIn`
VALUES (4351, '1804270213', '2020-09-29', '2020-09-29 15:53:33', NULL);
INSERT INTO `SignIn`
VALUES (4352, '1804270122', '2020-09-29', '2020-09-29 15:53:32', NULL);
INSERT INTO `SignIn`
VALUES (4353, '1804270110', '2020-09-29', '2020-09-29 15:53:31', NULL);
INSERT INTO `SignIn`
VALUES (4354, '1804270121', '2020-09-29', '2020-09-29 15:53:29', NULL);
INSERT INTO `SignIn`
VALUES (4355, '1804270224', '2020-09-29', '2020-09-29 15:53:23', NULL);
INSERT INTO `SignIn`
VALUES (4356, '1804270201', '2020-09-29', '2020-09-29 15:53:22', NULL);
INSERT INTO `SignIn`
VALUES (4357, '1804270214', '2020-09-29', '2020-09-29 15:53:13', NULL);
INSERT INTO `SignIn`
VALUES (4358, '1804270323', '2020-09-29', '2020-09-29 15:53:07', NULL);
INSERT INTO `SignIn`
VALUES (4359, '1804270218', '2020-09-29', '2020-09-29 15:53:05', NULL);
INSERT INTO `SignIn`
VALUES (4360, '1804270307', '2020-09-29', '2020-09-29 15:53:04', NULL);
INSERT INTO `SignIn`
VALUES (4361, '1804270228', '2020-09-29', '2020-09-29 15:52:59', NULL);
INSERT INTO `SignIn`
VALUES (4362, '1804270306', '2020-09-29', '2020-09-29 15:52:58', NULL);
INSERT INTO `SignIn`
VALUES (4363, '1804270227', '2020-09-29', '2020-09-29 15:52:57', NULL);
INSERT INTO `SignIn`
VALUES (4364, '1804270105', '2020-09-29', '2020-09-29 15:52:56', NULL);
INSERT INTO `SignIn`
VALUES (4365, '1804270206', '2020-09-29', '2020-09-29 15:52:56', NULL);
INSERT INTO `SignIn`
VALUES (4366, '1804270316', '2020-09-29', '2020-09-29 15:52:55', NULL);
INSERT INTO `SignIn`
VALUES (4367, '1804270329', '2020-09-29', '2020-09-29 15:52:55', NULL);
INSERT INTO `SignIn`
VALUES (4368, '1804270219', '2020-09-29', '2020-09-29 15:52:52', NULL);
INSERT INTO `SignIn`
VALUES (4369, '1808230325', '2020-09-29', '2020-09-29 15:52:52', NULL);
INSERT INTO `SignIn`
VALUES (4370, '1804270327', '2020-09-29', '2020-09-29 15:52:51', NULL);
INSERT INTO `SignIn`
VALUES (4371, '1804270108', '2020-09-29', '2020-09-29 15:52:47', NULL);
INSERT INTO `SignIn`
VALUES (4372, '1804270118', '2020-09-29', '2020-09-29 15:52:46', NULL);
INSERT INTO `SignIn`
VALUES (4373, '1804270204', '2020-09-29', '2020-09-29 15:52:43', NULL);
INSERT INTO `SignIn`
VALUES (4374, '1804270330', '2020-09-29', '2020-09-29 15:52:38', NULL);
INSERT INTO `SignIn`
VALUES (4375, '1804270317', '2020-09-29', '2020-09-29 15:52:38', NULL);
INSERT INTO `SignIn`
VALUES (4376, '1804270303', '2020-09-29', '2020-09-29 15:52:30', NULL);
INSERT INTO `SignIn`
VALUES (4377, '1804270326', '2020-09-29', '2020-09-29 15:52:30', NULL);
INSERT INTO `SignIn`
VALUES (4378, '1804270321', '2020-09-29', '2020-09-29 15:52:30', NULL);
INSERT INTO `SignIn`
VALUES (4379, '1804270229', '2020-09-29', '2020-09-29 15:52:29', NULL);
INSERT INTO `SignIn`
VALUES (4380, '1804270222', '2020-09-29', '2020-09-29 15:52:28', NULL);
INSERT INTO `SignIn`
VALUES (4381, '1808230327', '2020-09-29', '2020-09-29 15:52:23', NULL);
INSERT INTO `SignIn`
VALUES (4382, '1804270130', '2020-09-29', '2020-09-29 15:52:20', NULL);
INSERT INTO `SignIn`
VALUES (4383, '1804270120', '2020-09-29', '2020-09-29 15:52:17', NULL);
INSERT INTO `SignIn`
VALUES (4384, '1804270230', '2020-09-29', '2020-09-29 15:52:15', NULL);
INSERT INTO `SignIn`
VALUES (4385, '1804270106', '2020-09-29', '2020-09-29 15:52:13', NULL);
INSERT INTO `SignIn`
VALUES (4386, '1804270217', '2020-09-29', '2020-09-29 15:52:10', NULL);
INSERT INTO `SignIn`
VALUES (4387, '1804270123', '2020-09-29', '2020-09-29 15:52:10', NULL);
INSERT INTO `SignIn`
VALUES (4388, '1804270128', '2020-09-25', '2020-09-25 08:02:03', NULL);
INSERT INTO `SignIn`
VALUES (4389, '1804270126', '2020-09-25', '2020-09-25 08:01:54', NULL);
INSERT INTO `SignIn`
VALUES (4390, '1804270230', '2020-09-25', '2020-09-25 08:01:48', NULL);
INSERT INTO `SignIn`
VALUES (4391, '1804270316', '2020-09-25', '2020-09-25 08:01:41', NULL);
INSERT INTO `SignIn`
VALUES (4392, '1804270127', '2020-09-25', '2020-09-25 08:01:40', NULL);
INSERT INTO `SignIn`
VALUES (4393, '1804270321', '2020-09-25', '2020-09-25 08:01:13', NULL);
INSERT INTO `SignIn`
VALUES (4394, '1804270323', '2020-09-25', '2020-09-25 08:00:41', NULL);
INSERT INTO `SignIn`
VALUES (4395, '1804270320', '2020-09-25', '2020-09-25 08:00:35', NULL);
INSERT INTO `SignIn`
VALUES (4396, '1804270324', '2020-09-25', '2020-09-25 08:00:33', NULL);
INSERT INTO `SignIn`
VALUES (4397, '1804270105', '2020-09-25', '2020-09-25 08:00:29', NULL);
INSERT INTO `SignIn`
VALUES (4398, '1804270317', '2020-09-25', '2020-09-25 08:00:21', NULL);
INSERT INTO `SignIn`
VALUES (4399, '1804270124', '2020-09-25', '2020-09-25 08:00:11', NULL);
INSERT INTO `SignIn`
VALUES (4400, '1804270122', '2020-09-25', '2020-09-25 08:00:10', NULL);
INSERT INTO `SignIn`
VALUES (4401, '1804270318', '2020-09-25', '2020-09-25 08:00:08', NULL);
INSERT INTO `SignIn`
VALUES (4402, '1804270309', '2020-09-25', '2020-09-25 08:00:01', NULL);
INSERT INTO `SignIn`
VALUES (4403, '1804270121', '2020-09-25', '2020-09-25 08:00:00', NULL);
INSERT INTO `SignIn`
VALUES (4404, '1804270125', '2020-09-25', '2020-09-25 07:59:57', NULL);
INSERT INTO `SignIn`
VALUES (4405, '1804270123', '2020-09-25', '2020-09-25 07:59:54', NULL);
INSERT INTO `SignIn`
VALUES (4406, '1804270214', '2020-09-25', '2020-09-25 07:59:46', NULL);
INSERT INTO `SignIn`
VALUES (4407, '1804270108', '2020-09-25', '2020-09-25 07:59:45', NULL);
INSERT INTO `SignIn`
VALUES (4408, '1804270311', '2020-09-25', '2020-09-25 07:59:43', NULL);
INSERT INTO `SignIn`
VALUES (4409, '1804270218', '2020-09-25', '2020-09-25 07:59:42', NULL);
INSERT INTO `SignIn`
VALUES (4410, '1804270224', '2020-09-25', '2020-09-25 07:59:41', NULL);
INSERT INTO `SignIn`
VALUES (4411, '1804270308', '2020-09-25', '2020-09-25 07:59:40', NULL);
INSERT INTO `SignIn`
VALUES (4412, '1804270307', '2020-09-25', '2020-09-25 07:59:40', NULL);
INSERT INTO `SignIn`
VALUES (4413, '1804270223', '2020-09-25', '2020-09-25 07:59:39', NULL);
INSERT INTO `SignIn`
VALUES (4414, '1804270306', '2020-09-25', '2020-09-25 07:59:37', NULL);
INSERT INTO `SignIn`
VALUES (4415, '1804270303', '2020-09-25', '2020-09-25 07:59:35', NULL);
INSERT INTO `SignIn`
VALUES (4416, '1804270211', '2020-09-25', '2020-09-25 07:59:35', NULL);
INSERT INTO `SignIn`
VALUES (4417, '1804270228', '2020-09-25', '2020-09-25 07:59:33', NULL);
INSERT INTO `SignIn`
VALUES (4418, '1804270120', '2020-09-25', '2020-09-25 07:59:32', NULL);
INSERT INTO `SignIn`
VALUES (4419, '1804270106', '2020-09-25', '2020-09-25 07:59:32', NULL);
INSERT INTO `SignIn`
VALUES (4420, '1804270312', '2020-09-25', '2020-09-25 07:59:32', NULL);
INSERT INTO `SignIn`
VALUES (4421, '1804270213', '2020-09-25', '2020-09-25 07:59:32', NULL);
INSERT INTO `SignIn`
VALUES (4422, '1804270222', '2020-09-25', '2020-09-25 07:59:31', NULL);
INSERT INTO `SignIn`
VALUES (4423, '1804270130', '2020-09-25', '2020-09-25 07:59:29', NULL);
INSERT INTO `SignIn`
VALUES (4424, '1804270226', '2020-09-25', '2020-09-25 07:59:28', NULL);
INSERT INTO `SignIn`
VALUES (4425, '1804270110', '2020-09-25', '2020-09-25 07:59:28', NULL);
INSERT INTO `SignIn`
VALUES (4426, '1804270217', '2020-09-25', '2020-09-25 07:59:26', NULL);
INSERT INTO `SignIn`
VALUES (4427, '1804270201', '2020-09-25', '2020-09-25 07:59:26', NULL);
INSERT INTO `SignIn`
VALUES (4428, '1804270326', '2020-09-25', '2020-09-25 07:59:26', NULL);
INSERT INTO `SignIn`
VALUES (4429, '1804270219', '2020-09-25', '2020-09-25 07:59:26', NULL);
INSERT INTO `SignIn`
VALUES (4430, '1804270329', '2020-09-25', '2020-09-25 07:59:25', NULL);
INSERT INTO `SignIn`
VALUES (4431, '1804270107', '2020-09-25', '2020-09-25 07:59:24', NULL);
INSERT INTO `SignIn`
VALUES (4432, '1804270204', '2020-09-25', '2020-09-25 07:59:23', NULL);
INSERT INTO `SignIn`
VALUES (4433, '1808230327', '2020-09-25', '2020-09-25 07:59:23', NULL);
INSERT INTO `SignIn`
VALUES (4434, '1804270330', '2020-09-25', '2020-09-25 07:59:23', NULL);
INSERT INTO `SignIn`
VALUES (4435, '1808230325', '2020-09-25', '2020-09-25 07:59:22', NULL);
INSERT INTO `SignIn`
VALUES (4436, '1804270313', '2020-09-25', '2020-09-25 07:59:21', NULL);
INSERT INTO `SignIn`
VALUES (4437, '1804270206', '2020-09-25', '2020-09-25 07:59:20', NULL);
INSERT INTO `SignIn`
VALUES (4438, '1804270103', '2020-09-25', '2020-09-25 07:59:20', NULL);
INSERT INTO `SignIn`
VALUES (4439, '1804270220', '2020-09-25', '2020-09-25 07:59:16', NULL);
INSERT INTO `SignIn`
VALUES (4440, '1804270115', '2020-09-25', '2020-09-25 07:59:16', NULL);
INSERT INTO `SignIn`
VALUES (4441, '1804270229', '2020-09-25', '2020-09-25 07:59:14', NULL);
INSERT INTO `SignIn`
VALUES (4442, '1804270118', '2020-09-25', '2020-09-25 07:59:14', NULL);
INSERT INTO `SignIn`
VALUES (4443, '1804270327', '2020-09-25', '2020-09-25 07:59:13', NULL);
INSERT INTO `SignIn`
VALUES (4444, '1804270227', '2020-09-25', '2020-09-25 07:59:13', NULL);
INSERT INTO `SignIn`
VALUES (4445, '1804270330', '2020-09-22', '2020-09-22 16:48:51', NULL);
INSERT INTO `SignIn`
VALUES (4446, '1804270211', '2020-09-22', '2020-09-22 16:00:39', NULL);
INSERT INTO `SignIn`
VALUES (4447, '1804270126', '2020-09-22', '2020-09-22 16:00:03', NULL);
INSERT INTO `SignIn`
VALUES (4448, '1804270103', '2020-09-22', '2020-09-22 15:56:05', NULL);
INSERT INTO `SignIn`
VALUES (4449, '1804270219', '2020-09-22', '2020-09-22 15:55:58', NULL);
INSERT INTO `SignIn`
VALUES (4450, '1804270227', '2020-09-22', '2020-09-22 15:55:58', NULL);
INSERT INTO `SignIn`
VALUES (4451, '1804270321', '2020-09-22', '2020-09-22 15:55:39', NULL);
INSERT INTO `SignIn`
VALUES (4452, '1804270123', '2020-09-22', '2020-09-22 15:55:32', NULL);
INSERT INTO `SignIn`
VALUES (4453, '1804270108', '2020-09-22', '2020-09-22 15:55:32', NULL);
INSERT INTO `SignIn`
VALUES (4454, '1804270218', '2020-09-22', '2020-09-22 15:55:30', NULL);
INSERT INTO `SignIn`
VALUES (4455, '1804270110', '2020-09-22', '2020-09-22 15:55:27', NULL);
INSERT INTO `SignIn`
VALUES (4456, '1804270105', '2020-09-22', '2020-09-22 15:55:26', NULL);
INSERT INTO `SignIn`
VALUES (4457, '1804270228', '2020-09-22', '2020-09-22 15:55:24', NULL);
INSERT INTO `SignIn`
VALUES (4458, '1804270223', '2020-09-22', '2020-09-22 15:55:20', NULL);
INSERT INTO `SignIn`
VALUES (4459, '1804270128', '2020-09-22', '2020-09-22 15:55:20', NULL);
INSERT INTO `SignIn`
VALUES (4460, '1804270226', '2020-09-22', '2020-09-22 15:55:19', NULL);
INSERT INTO `SignIn`
VALUES (4461, '1804270206', '2020-09-22', '2020-09-22 15:55:18', NULL);
INSERT INTO `SignIn`
VALUES (4462, '1804270124', '2020-09-22', '2020-09-22 15:55:18', NULL);
INSERT INTO `SignIn`
VALUES (4463, '1804270317', '2020-09-22', '2020-09-22 15:55:17', NULL);
INSERT INTO `SignIn`
VALUES (4464, '1804270224', '2020-09-22', '2020-09-22 15:55:16', NULL);
INSERT INTO `SignIn`
VALUES (4465, '1804270222', '2020-09-22', '2020-09-22 15:55:15', NULL);
INSERT INTO `SignIn`
VALUES (4466, '1804270311', '2020-09-22', '2020-09-22 15:55:14', NULL);
INSERT INTO `SignIn`
VALUES (4467, '1804270313', '2020-09-22', '2020-09-22 15:55:14', NULL);
INSERT INTO `SignIn`
VALUES (4468, '1804270312', '2020-09-22', '2020-09-22 15:55:11', NULL);
INSERT INTO `SignIn`
VALUES (4469, '1804270313', '2020-09-22', '2020-09-22 15:54:18', NULL);
INSERT INTO `SignIn`
VALUES (4470, '1804270317', '2020-09-22', '2020-09-22 15:54:13', NULL);
INSERT INTO `SignIn`
VALUES (4471, '1804270311', '2020-09-22', '2020-09-22 15:54:08', NULL);
INSERT INTO `SignIn`
VALUES (4472, '1804270223', '2020-09-22', '2020-09-22 15:54:08', NULL);
INSERT INTO `SignIn`
VALUES (4473, '1804270224', '2020-09-22', '2020-09-22 15:54:07', NULL);
INSERT INTO `SignIn`
VALUES (4474, '1804270312', '2020-09-22', '2020-09-22 15:54:06', NULL);
INSERT INTO `SignIn`
VALUES (4475, '1804270222', '2020-09-22', '2020-09-22 15:53:58', NULL);
INSERT INTO `SignIn`
VALUES (4476, '1804270206', '2020-09-22', '2020-09-22 15:53:24', NULL);
INSERT INTO `SignIn`
VALUES (4477, '1804270318', '2020-09-22', '2020-09-22 15:53:06', NULL);
INSERT INTO `SignIn`
VALUES (4478, '1804270316', '2020-09-22', '2020-09-22 15:53:04', NULL);
INSERT INTO `SignIn`
VALUES (4479, '1804270329', '2020-09-22', '2020-09-22 15:52:45', NULL);
INSERT INTO `SignIn`
VALUES (4480, '1804270327', '2020-09-22', '2020-09-22 15:52:35', NULL);
INSERT INTO `SignIn`
VALUES (4481, '1804270320', '2020-09-22', '2020-09-22 15:52:32', NULL);
INSERT INTO `SignIn`
VALUES (4482, '1804270105', '2020-09-22', '2020-09-22 15:52:28', NULL);
INSERT INTO `SignIn`
VALUES (4483, '1804270229', '2020-09-22', '2020-09-22 15:52:27', NULL);
INSERT INTO `SignIn`
VALUES (4484, '1804270211', '2020-09-22', '2020-09-22 15:52:24', NULL);
INSERT INTO `SignIn`
VALUES (4485, '1804270214', '2020-09-22', '2020-09-22 15:52:24', NULL);
INSERT INTO `SignIn`
VALUES (4486, '1804270108', '2020-09-22', '2020-09-22 15:52:12', NULL);
INSERT INTO `SignIn`
VALUES (4487, '1804270218', '2020-09-22', '2020-09-22 15:52:11', NULL);
INSERT INTO `SignIn`
VALUES (4488, '1804270226', '2020-09-22', '2020-09-22 15:52:10', NULL);
INSERT INTO `SignIn`
VALUES (4489, '1804270127', '2020-09-22', '2020-09-22 15:52:09', NULL);
INSERT INTO `SignIn`
VALUES (4490, '1804270330', '2020-09-22', '2020-09-22 15:52:07', NULL);
INSERT INTO `SignIn`
VALUES (4491, '1804270115', '2020-09-22', '2020-09-22 15:52:03', NULL);
INSERT INTO `SignIn`
VALUES (4492, '1804270228', '2020-09-22', '2020-09-22 15:52:02', NULL);
INSERT INTO `SignIn`
VALUES (4493, '1804270308', '2020-09-22', '2020-09-22 15:52:01', NULL);
INSERT INTO `SignIn`
VALUES (4494, '1804270213', '2020-09-22', '2020-09-22 15:51:59', NULL);
INSERT INTO `SignIn`
VALUES (4495, '1804270120', '2020-09-22', '2020-09-22 15:51:58', NULL);
INSERT INTO `SignIn`
VALUES (4496, '1804270128', '2020-09-22', '2020-09-22 15:51:57', NULL);
INSERT INTO `SignIn`
VALUES (4497, '1804270107', '2020-09-22', '2020-09-22 15:51:57', NULL);
INSERT INTO `SignIn`
VALUES (4498, '1804270303', '2020-09-22', '2020-09-22 15:51:55', NULL);
INSERT INTO `SignIn`
VALUES (4499, '1804270122', '2020-09-22', '2020-09-22 15:51:54', NULL);
INSERT INTO `SignIn`
VALUES (4500, '1804270227', '2020-09-22', '2020-09-22 15:51:54', NULL);
INSERT INTO `SignIn`
VALUES (4501, '1804270130', '2020-09-22', '2020-09-22 15:51:53', NULL);
INSERT INTO `SignIn`
VALUES (4502, '1804270307', '2020-09-22', '2020-09-22 15:51:53', NULL);
INSERT INTO `SignIn`
VALUES (4503, '1804270219', '2020-09-22', '2020-09-22 15:51:52', NULL);
INSERT INTO `SignIn`
VALUES (4504, '1804270326', '2020-09-22', '2020-09-22 15:51:52', NULL);
INSERT INTO `SignIn`
VALUES (4505, '1808230325', '2020-09-22', '2020-09-22 15:51:52', NULL);
INSERT INTO `SignIn`
VALUES (4506, '1804270123', '2020-09-22', '2020-09-22 15:51:51', NULL);
INSERT INTO `SignIn`
VALUES (4507, '1804270201', '2020-09-22', '2020-09-22 15:51:50', NULL);
INSERT INTO `SignIn`
VALUES (4508, '1804270103', '2020-09-22', '2020-09-22 15:51:50', NULL);
INSERT INTO `SignIn`
VALUES (4509, '1804270230', '2020-09-22', '2020-09-22 15:51:50', NULL);
INSERT INTO `SignIn`
VALUES (4510, '1804270309', '2020-09-22', '2020-09-22 15:51:49', NULL);
INSERT INTO `SignIn`
VALUES (4511, '1804270306', '2020-09-22', '2020-09-22 15:51:49', NULL);
INSERT INTO `SignIn`
VALUES (4512, '1804270124', '2020-09-22', '2020-09-22 15:51:49', NULL);
INSERT INTO `SignIn`
VALUES (4513, '1804270110', '2020-09-22', '2020-09-22 15:51:48', NULL);
INSERT INTO `SignIn`
VALUES (4514, '1804270204', '2020-09-22', '2020-09-22 15:51:48', NULL);
INSERT INTO `SignIn`
VALUES (4515, '1804270220', '2020-09-22', '2020-09-22 15:51:47', NULL);
INSERT INTO `SignIn`
VALUES (4516, '1808230327', '2020-09-22', '2020-09-22 15:51:46', NULL);
INSERT INTO `SignIn`
VALUES (4517, '1804270217', '2020-09-22', '2020-09-22 15:51:44', NULL);
INSERT INTO `SignIn`
VALUES (4518, '1804270324', '2020-09-22', '2020-09-22 15:51:44', NULL);
INSERT INTO `SignIn`
VALUES (4519, '1804270121', '2020-09-22', '2020-09-22 15:51:41', NULL);
INSERT INTO `SignIn`
VALUES (4520, '1804270118', '2020-09-22', '2020-09-22 15:51:39', NULL);
INSERT INTO `SignIn`
VALUES (4521, '1804270323', '2020-09-22', '2020-09-22 15:51:38', NULL);
INSERT INTO `SignIn`
VALUES (4522, '1804270125', '2020-09-22', '2020-09-22 15:51:37', NULL);
INSERT INTO `SignIn`
VALUES (4523, '1804270106', '2020-09-22', '2020-09-22 15:51:35', NULL);
INSERT INTO `SignIn`
VALUES (4524, '1804270217', '2020-09-15', '2020-09-15 15:58:52', NULL);
INSERT INTO `SignIn`
VALUES (4525, '1804270330', '2020-09-15', '2020-09-15 15:56:52', NULL);
INSERT INTO `SignIn`
VALUES (4526, '1804270320', '2020-09-15', '2020-09-15 15:56:49', NULL);
INSERT INTO `SignIn`
VALUES (4527, '1804270327', '2020-09-15', '2020-09-15 15:56:40', NULL);
INSERT INTO `SignIn`
VALUES (4528, '1804270313', '2020-09-15', '2020-09-15 15:56:25', NULL);
INSERT INTO `SignIn`
VALUES (4529, '1804230926', '2020-09-15', '2020-09-15 15:56:10', NULL);
INSERT INTO `SignIn`
VALUES (4530, '1804270229', '2020-09-15', '2020-09-15 15:56:06', NULL);
INSERT INTO `SignIn`
VALUES (4531, '1804270228', '2020-09-15', '2020-09-15 15:56:06', NULL);
INSERT INTO `SignIn`
VALUES (4532, '1804270230', '2020-09-15', '2020-09-15 15:55:55', NULL);
INSERT INTO `SignIn`
VALUES (4533, '1804270329', '2020-09-15', '2020-09-15 15:55:55', NULL);
INSERT INTO `SignIn`
VALUES (4534, '1804270226', '2020-09-15', '2020-09-15 15:55:52', NULL);
INSERT INTO `SignIn`
VALUES (4535, '1804270318', '2020-09-15', '2020-09-15 15:55:48', NULL);
INSERT INTO `SignIn`
VALUES (4536, '1804270227', '2020-09-15', '2020-09-15 15:55:25', NULL);
INSERT INTO `SignIn`
VALUES (4537, '1804270219', '2020-09-15', '2020-09-15 15:55:24', NULL);
INSERT INTO `SignIn`
VALUES (4538, '1804270206', '2020-09-15', '2020-09-15 15:55:21', NULL);
INSERT INTO `SignIn`
VALUES (4539, '1808230327', '2020-09-15', '2020-09-15 15:55:17', NULL);
INSERT INTO `SignIn`
VALUES (4540, '1804270108', '2020-09-15', '2020-09-15 15:55:16', NULL);
INSERT INTO `SignIn`
VALUES (4541, '1804270211', '2020-09-15', '2020-09-15 15:55:09', NULL);
INSERT INTO `SignIn`
VALUES (4542, '1804270128', '2020-09-15', '2020-09-15 15:55:09', NULL);
INSERT INTO `SignIn`
VALUES (4543, '1804270103', '2020-09-15', '2020-09-15 15:55:09', NULL);
INSERT INTO `SignIn`
VALUES (4544, '1804270321', '2020-09-15', '2020-09-15 15:55:08', NULL);
INSERT INTO `SignIn`
VALUES (4545, '1804230923', '2020-09-15', '2020-09-15 15:55:07', NULL);
INSERT INTO `SignIn`
VALUES (4546, '1804270309', '2020-09-15', '2020-09-15 15:55:06', NULL);
INSERT INTO `SignIn`
VALUES (4547, '1804270124', '2020-09-15', '2020-09-15 15:55:05', NULL);
INSERT INTO `SignIn`
VALUES (4548, '1804270126', '2020-09-15', '2020-09-15 15:55:04', NULL);
INSERT INTO `SignIn`
VALUES (4549, '1804270317', '2020-09-15', '2020-09-15 15:55:02', NULL);
INSERT INTO `SignIn`
VALUES (4550, '1804270218', '2020-09-15', '2020-09-15 15:55:02', NULL);
INSERT INTO `SignIn`
VALUES (4551, '1804270123', '2020-09-15', '2020-09-15 15:55:02', NULL);
INSERT INTO `SignIn`
VALUES (4552, '1804270127', '2020-09-15', '2020-09-15 15:55:02', NULL);
INSERT INTO `SignIn`
VALUES (4553, '1804270125', '2020-09-15', '2020-09-15 15:55:02', NULL);
INSERT INTO `SignIn`
VALUES (4554, '1804270106', '2020-09-15', '2020-09-15 15:55:02', NULL);
INSERT INTO `SignIn`
VALUES (4555, '1804270307', '2020-09-15', '2020-09-15 15:55:01', NULL);
INSERT INTO `SignIn`
VALUES (4556, '1804270110', '2020-09-15', '2020-09-15 15:55:01', NULL);
INSERT INTO `SignIn`
VALUES (4557, '1804230921', '2020-09-15', '2020-09-15 15:55:01', NULL);
INSERT INTO `SignIn`
VALUES (4558, '1804270204', '2020-09-15', '2020-09-15 15:55:00', NULL);
INSERT INTO `SignIn`
VALUES (4559, '1804270214', '2020-09-15', '2020-09-15 15:55:00', NULL);
INSERT INTO `SignIn`
VALUES (4560, '1804270107', '2020-09-15', '2020-09-15 15:55:00', NULL);
INSERT INTO `SignIn`
VALUES (4561, '1804270118', '2020-09-15', '2020-09-15 15:55:00', NULL);
INSERT INTO `SignIn`
VALUES (4562, '1804270311', '2020-09-15', '2020-09-15 15:55:00', NULL);
INSERT INTO `SignIn`
VALUES (4563, '1804270312', '2020-09-15', '2020-09-15 15:55:00', NULL);
INSERT INTO `SignIn`
VALUES (4564, '1804270223', '2020-09-15', '2020-09-15 15:55:00', NULL);
INSERT INTO `SignIn`
VALUES (4565, '1804270323', '2020-09-15', '2020-09-15 15:55:00', NULL);
INSERT INTO `SignIn`
VALUES (4566, '1808230325', '2020-09-15', '2020-09-15 15:55:00', NULL);
INSERT INTO `SignIn`
VALUES (4567, '1804270115', '2020-09-15', '2020-09-15 15:54:59', NULL);
INSERT INTO `SignIn`
VALUES (4568, '1804270222', '2020-09-15', '2020-09-15 15:54:59', NULL);
INSERT INTO `SignIn`
VALUES (4569, '1804270121', '2020-09-15', '2020-09-15 15:54:59', NULL);
INSERT INTO `SignIn`
VALUES (4570, '1804270308', '2020-09-15', '2020-09-15 15:54:59', NULL);
INSERT INTO `SignIn`
VALUES (4571, '1804270201', '2020-09-15', '2020-09-15 15:54:59', NULL);
INSERT INTO `SignIn`
VALUES (4572, '1804270326', '2020-09-15', '2020-09-15 15:54:59', NULL);
INSERT INTO `SignIn`
VALUES (4573, '1804270224', '2020-09-15', '2020-09-15 15:54:59', NULL);
INSERT INTO `SignIn`
VALUES (4574, '1804270213', '2020-09-15', '2020-09-15 15:54:59', NULL);
INSERT INTO `SignIn`
VALUES (4575, '1804270122', '2020-09-15', '2020-09-15 15:54:59', NULL);
INSERT INTO `SignIn`
VALUES (4576, '1804270220', '2020-09-15', '2020-09-15 15:54:59', NULL);
INSERT INTO `SignIn`
VALUES (4577, '1804270306', '2020-09-15', '2020-09-15 15:54:59', NULL);
INSERT INTO `SignIn`
VALUES (4578, '1804270303', '2020-09-15', '2020-09-15 15:54:59', NULL);
INSERT INTO `SignIn`
VALUES (4579, '1804270105', '2020-09-15', '2020-09-15 15:54:59', NULL);
INSERT INTO `SignIn`
VALUES (4580, '1804270120', '2020-09-15', '2020-09-15 15:54:58', NULL);
INSERT INTO `SignIn`
VALUES (4581, '1804270324', '2020-09-15', '2020-09-15 15:54:58', NULL);
INSERT INTO `SignIn`
VALUES (4582, '1704270128', '2020-12-18', '2020-12-18 14:28:35', '169.254.83.87');
INSERT INTO `SignIn`
VALUES (4584, '1804270230', '2020-12-18', '2020-12-18 02:28:14', '223.104.20.23');
INSERT INTO `SignIn`
VALUES (4585, '1704270128', '2020-12-18', '2020-12-18 14:47:58', '10.170.1.1.');
INSERT INTO `SignIn`
VALUES (4586, '1704270128', '2020-12-18', '2020-12-18 14:48:27', '10.170.1.1.');
INSERT INTO `SignIn`
VALUES (4587, '1704270128', '2020-12-18', '2020-12-18 14:49:10', '10.170.1.1.');
INSERT INTO `SignIn`
VALUES (4588, '1704270128', '2020-12-18', '2020-12-18 14:49:40', '10.170.1.1.');
INSERT INTO `SignIn`
VALUES (4589, '1704270128', '2020-12-18', '2020-12-18 14:50:01', '10.170.1.1.');
INSERT INTO `SignIn`
VALUES (4590, '1704270128', '2020-12-18', '2020-12-18 14:51:01', '10.170.1.1.');
INSERT INTO `SignIn`
VALUES (4591, '1704270128', '2020-12-18', '2020-12-18 14:56:55', '10.170.1.1.');
INSERT INTO `SignIn`
VALUES (4592, '1704270128', '2020-12-19', '2020-12-19 02:34:02', '119.36.85.148');

-- ----------------------------
-- Table structure for Student
-- ----------------------------
DROP TABLE IF EXISTS `Student`;
CREATE TABLE `Student`
(
    `id`         varchar(10) CHARACTER SET utf8mb4 COLLATE utf8mb4_general_ci  NOT NULL,
    `name`       varchar(255) CHARACTER SET utf8mb4 COLLATE utf8mb4_general_ci NOT NULL,
    `college`    varchar(255) CHARACTER SET utf8mb4 COLLATE utf8mb4_general_ci NULL DEFAULT NULL,
    `vocational` varchar(255) CHARACTER SET utf8mb4 COLLATE utf8mb4_general_ci NULL DEFAULT NULL,
    `className`  varchar(255) CHARACTER SET utf8mb4 COLLATE utf8mb4_general_ci NULL DEFAULT NULL,
    PRIMARY KEY (`id`) USING BTREE
) ENGINE = InnoDB
  CHARACTER SET = utf8mb4
  COLLATE = utf8mb4_general_ci
  ROW_FORMAT = Dynamic;

-- ----------------------------
-- Records of Student
-- ----------------------------
INSERT INTO `Student`
VALUES ('1704270128', '鲁云浩', '数学与计算机学院', '0426_信息与计算科学', '信科11701');
INSERT INTO `Student`
VALUES ('1804230918', '熊卿汉', '数学与计算机学院', '0423_软件工程', '软件11809');
INSERT INTO `Student`
VALUES ('1804230921', '马云超', '数学与计算机学院', '0423_软件工程', '软件11809');
INSERT INTO `Student`
VALUES ('1804230923', '唐田坤', '数学与计算机学院', '0423_软件工程', '软件11809');
INSERT INTO `Student`
VALUES ('1804230926', '程倩倩', '数学与计算机学院', '0423_软件工程', '软件11809');
INSERT INTO `Student`
VALUES ('1804270103', '黄孟婷', '数学与计算机学院', '0426_信息与计算科学', '信科11801');
INSERT INTO `Student`
VALUES ('1804270105', '曹雨露', '数学与计算机学院', '0426_信息与计算科学', '信科11801');
INSERT INTO `Student`
VALUES ('1804270106', '彭雪怡', '数学与计算机学院', '0426_信息与计算科学', '信科11801');
INSERT INTO `Student`
VALUES ('1804270107', '王莹莹', '数学与计算机学院', '0426_信息与计算科学', '信科11801');
INSERT INTO `Student`
VALUES ('1804270108', '邹继月', '数学与计算机学院', '0426_信息与计算科学', '信科11801');
INSERT INTO `Student`
VALUES ('1804270110', '徐子怡', '数学与计算机学院', '0426_信息与计算科学', '信科11801');
INSERT INTO `Student`
VALUES ('1804270115', '邓洋', '数学与计算机学院', '0426_信息与计算科学', '信科11801');
INSERT INTO `Student`
VALUES ('1804270118', '周浓燊', '数学与计算机学院', '0426_信息与计算科学', '信科11801');
INSERT INTO `Student`
VALUES ('1804270120', '王威', '数学与计算机学院', '0426_信息与计算科学', '信科11801');
INSERT INTO `Student`
VALUES ('1804270121', '云文龙', '数学与计算机学院', '0426_信息与计算科学', '信科11801');
INSERT INTO `Student`
VALUES ('1804270122', '张昊', '数学与计算机学院', '0426_信息与计算科学', '信科11801');
INSERT INTO `Student`
VALUES ('1804270123', '李钱', '数学与计算机学院', '0426_信息与计算科学', '信科11801');
INSERT INTO `Student`
VALUES ('1804270124', '龚仁盼', '数学与计算机学院', '0426_信息与计算科学', '信科11801');
INSERT INTO `Student`
VALUES ('1804270125', '胡诗诚', '数学与计算机学院', '0426_信息与计算科学', '信科11801');
INSERT INTO `Student`
VALUES ('1804270126', '夏少勇', '数学与计算机学院', '0426_信息与计算科学', '信科11801');
INSERT INTO `Student`
VALUES ('1804270127', '钟星照', '数学与计算机学院', '0426_信息与计算科学', '信科11801');
INSERT INTO `Student`
VALUES ('1804270128', '熊威', '数学与计算机学院', '0426_信息与计算科学', '信科11801');
INSERT INTO `Student`
VALUES ('1804270130', '龚新迁', '数学与计算机学院', '0426_信息与计算科学', '信科11801');
INSERT INTO `Student`
VALUES ('1804270201', '张静', '数学与计算机学院', '0426_信息与计算科学', '信科11801');
INSERT INTO `Student`
VALUES ('1804270204', '陈婉馨', '数学与计算机学院', '0426_信息与计算科学', '信科11801');
INSERT INTO `Student`
VALUES ('1804270206', '孙秋兰', '数学与计算机学院', '0426_信息与计算科学', '信科11801');
INSERT INTO `Student`
VALUES ('1804270211', '代雪飞', '数学与计算机学院', '0426_信息与计算科学', '信科11802');
INSERT INTO `Student`
VALUES ('1804270213', '郭玉柳', '数学与计算机学院', '0426_信息与计算科学', '信科11802');
INSERT INTO `Student`
VALUES ('1804270214', '肖梦', '数学与计算机学院', '0426_信息与计算科学', '信科11802');
INSERT INTO `Student`
VALUES ('1804270217', '方俊豪', '数学与计算机学院', '0426_信息与计算科学', '信科11801');
INSERT INTO `Student`
VALUES ('1804270218', '范志旋', '数学与计算机学院', '0426_信息与计算科学', '信科11801');
INSERT INTO `Student`
VALUES ('1804270219', '储勤波', '数学与计算机学院', '0426_信息与计算科学', '信科11801');
INSERT INTO `Student`
VALUES ('1804270220', '黄斌', '数学与计算机学院', '0426_信息与计算科学', '信科11801');
INSERT INTO `Student`
VALUES ('1804270222', '朱杨锋', '数学与计算机学院', '0426_信息与计算科学', '信科11801');
INSERT INTO `Student`
VALUES ('1804270223', '卢日升', '数学与计算机学院', '0426_信息与计算科学', '信科11801');
INSERT INTO `Student`
VALUES ('1804270224', '郑金聪', '数学与计算机学院', '0426_信息与计算科学', '信科11801');
INSERT INTO `Student`
VALUES ('1804270226', '王辉', '数学与计算机学院', '0426_信息与计算科学', '信科11802');
INSERT INTO `Student`
VALUES ('1804270227', '陈龙', '数学与计算机学院', '0426_信息与计算科学', '信科11802');
INSERT INTO `Student`
VALUES ('1804270228', '周锐', '数学与计算机学院', '0426_信息与计算科学', '信科11802');
INSERT INTO `Student`
VALUES ('1804270229', '王琳杰', '数学与计算机学院', '0426_信息与计算科学', '信科11802');
INSERT INTO `Student`
VALUES ('1804270230', '孙驰', '数学与计算机学院', '0426_信息与计算科学', '信科11802');
INSERT INTO `Student`
VALUES ('1804270303', '谭晓颖', '数学与计算机学院', '0426_信息与计算科学', '信科11802');
INSERT INTO `Student`
VALUES ('1804270306', '江雨薇', '数学与计算机学院', '0426_信息与计算科学', '信科11802');
INSERT INTO `Student`
VALUES ('1804270307', '詹惠玲', '数学与计算机学院', '0426_信息与计算科学', '信科11802');
INSERT INTO `Student`
VALUES ('1804270308', '梁佳慧', '数学与计算机学院', '0426_信息与计算科学', '信科11802');
INSERT INTO `Student`
VALUES ('1804270309', '姜思思', '数学与计算机学院', '0426_信息与计算科学', '信科11802');
INSERT INTO `Student`
VALUES ('1804270311', '刘瑞雪', '数学与计算机学院', '0426_信息与计算科学', '信科11802');
INSERT INTO `Student`
VALUES ('1804270312', '胡子琨', '数学与计算机学院', '0426_信息与计算科学', '信科11802');
INSERT INTO `Student`
VALUES ('1804270313', '魏紫瑶', '数学与计算机学院', '0426_信息与计算科学', '信科11802');
INSERT INTO `Student`
VALUES ('1804270316', '包亦雷', '数学与计算机学院', '0426_信息与计算科学', '信科11802');
INSERT INTO `Student`
VALUES ('1804270317', '芮烁', '数学与计算机学院', '0426_信息与计算科学', '信科11802');
INSERT INTO `Student`
VALUES ('1804270318', '张叶宣', '数学与计算机学院', '0426_信息与计算科学', '信科11802');
INSERT INTO `Student`
VALUES ('1804270320', '邹权', '数学与计算机学院', '0426_信息与计算科学', '信科11802');
INSERT INTO `Student`
VALUES ('1804270321', '范新哲', '数学与计算机学院', '0426_信息与计算科学', '信科11802');
INSERT INTO `Student`
VALUES ('1804270323', '陈智康', '数学与计算机学院', '0426_信息与计算科学', '信科11802');
INSERT INTO `Student`
VALUES ('1804270324', '杨佳豪', '数学与计算机学院', '0426_信息与计算科学', '信科11802');
INSERT INTO `Student`
VALUES ('1804270326', '吴琪周', '数学与计算机学院', '0426_信息与计算科学', '信科11802');
INSERT INTO `Student`
VALUES ('1804270327', '杨经羽', '数学与计算机学院', '0426_信息与计算科学', '信科11802');
INSERT INTO `Student`
VALUES ('1804270329', '柯锐', '数学与计算机学院', '0426_信息与计算科学', '信科11802');
INSERT INTO `Student`
VALUES ('1804270330', '李同圆', '数学与计算机学院', '0426_信息与计算科学', '信科11802');
INSERT INTO `Student`
VALUES ('1808230325', '王先锋', '数学与计算机学院', '0426_信息与计算科学', '信科11802');
INSERT INTO `Student`
VALUES ('1808230327', '陈坤', '数学与计算机学院', '0426_信息与计算科学', '信科11801');

-- ----------------------------
-- Table structure for log
-- ----------------------------
DROP TABLE IF EXISTS `log`;
CREATE TABLE `log`
(
    `_id`   int(11)                                                       NOT NULL AUTO_INCREMENT,
    `id`    varchar(10) CHARACTER SET utf8mb4 COLLATE utf8mb4_general_ci  NULL DEFAULT NULL,
    `time`  datetime(0)                                                   NULL DEFAULT NULL,
    `event` varchar(255) CHARACTER SET utf8mb4 COLLATE utf8mb4_general_ci NULL DEFAULT NULL,
    `ip`    varchar(255) CHARACTER SET utf8mb4 COLLATE utf8mb4_general_ci NULL DEFAULT NULL,
    PRIMARY KEY (`_id`) USING BTREE
) ENGINE = InnoDB
  AUTO_INCREMENT = 478
  CHARACTER SET = utf8mb4
  COLLATE = utf8mb4_general_ci
  ROW_FORMAT = Dynamic;

-- ----------------------------
-- Records of log
-- ----------------------------
INSERT INTO `log`
VALUES (1, '1704270128', '2020-12-14 13:45:26', 'test', '127.0.0.1');
INSERT INTO `log`
VALUES (2, '1704270128', '2020-12-14 13:46:10', 'test', '127.0.0.1');
INSERT INTO `log`
VALUES (3, NULL, '2020-12-14 15:06:41', '签到失败', '169.254.83.87');
INSERT INTO `log`
VALUES (4, NULL, '2020-12-14 15:07:04', '签到失败', '169.254.83.87');
INSERT INTO `log`
VALUES (5, NULL, '2020-12-14 15:07:50', '签到失败', '169.254.83.87');
INSERT INTO `log`
VALUES (6, '2', '2020-12-14 15:08:34', '登录失败', '169.254.83.87');
INSERT INTO `log`
VALUES (7, '1704270128', '2020-12-14 15:08:58', '登录失败', '169.254.83.87');
INSERT INTO `log`
VALUES (8, '1704270128', '2020-12-14 15:10:41',
        '登录失败-{输入内容为Student{id=\'1704270128\', name=\'hll520...\', college=\'null\', vocational=\'null\', className=\'null\'}}',
        '169.254.83.87');
INSERT INTO `log`
VALUES (9, '1704270128', '2020-12-14 15:11:08', '登录成功', '169.254.83.87');
INSERT INTO `log`
VALUES (10, '1704270128', '2020-12-15 12:12:49', '登录成功', '169.254.83.87');
INSERT INTO `log`
VALUES (11, '1704270128', '2020-12-15 12:12:54', '登录成功', '169.254.83.87');
INSERT INTO `log`
VALUES (12, '1704270128', '2020-12-15 12:12:56', '登录成功', '169.254.83.87');
INSERT INTO `log`
VALUES (13, '1704270128', '2020-12-15 12:12:57', '登录成功', '169.254.83.87');
INSERT INTO `log`
VALUES (14, '1704270128', '2020-12-15 12:13:09', '登录成功', '169.254.83.87');
INSERT INTO `log`
VALUES (15, '1704270128', '2020-12-15 12:13:23',
        '登录失败-{输入内容为Student{id=\'1704270128\', name=\'鲁云浩2\', college=\'null\', vocational=\'null\', className=\'null\'}}',
        '169.254.83.87');
INSERT INTO `log`
VALUES (16, NULL, '2020-12-15 12:13:56', '签到失败', '169.254.83.87');
INSERT INTO `log`
VALUES (17, '1704270128', '2020-12-15 12:23:43', '登录成功', '169.254.83.87');
INSERT INTO `log`
VALUES (18, NULL, '2020-12-15 13:48:25', '为登录访问 /swagger-ui/index.html 被拦截！', '169.254.83.87');
INSERT INTO `log`
VALUES (19, NULL, '2020-12-15 13:49:07', '为登录访问 /swagger-ui/index.html 被拦截！', '169.254.83.87');
INSERT INTO `log`
VALUES (20, NULL, '2020-12-15 13:49:10', '为登录访问 /swagger-ui/index.html 被拦截！', '169.254.83.87');
INSERT INTO `log`
VALUES (21, NULL, '2020-12-15 13:49:15', '为登录访问 /swagger-ui/index.html 被拦截！', '169.254.83.87');
INSERT INTO `log`
VALUES (22, NULL, '2020-12-15 14:06:07', '尝试获取1704270128的签到记录', '169.254.83.87');
INSERT INTO `log`
VALUES (23, NULL, '2020-12-15 14:06:24', '尝试获取0的签到记录', '169.254.83.87');
INSERT INTO `log`
VALUES (24, NULL, '2020-12-15 14:07:05', '尝试获取全部签到数据', '169.254.83.87');
INSERT INTO `log`
VALUES (25, NULL, '2020-12-15 14:07:28',
        '登录失败-{输入内容为Student{id=\'null\', name=\'null\', college=\'null\', vocational=\'null\', className=\'null\'}}',
        '169.254.83.87');
INSERT INTO `log`
VALUES (26, '1704270128', '2020-12-15 14:07:45', '登录成功', '169.254.83.87');
INSERT INTO `log`
VALUES (27, '1704270128', '2020-12-15 14:07:55', '签到成功', '169.254.83.87');
INSERT INTO `log`
VALUES (28, NULL, '2020-12-15 14:10:47', '未登录访问 /swagger-ui/index.html 被拦截！', '169.254.83.87');
INSERT INTO `log`
VALUES (29, NULL, '2020-12-15 14:15:08', '未登录访问 /swagger-ui/index.html 被拦截！', '169.254.83.87');
INSERT INTO `log`
VALUES (30, NULL, '2020-12-15 14:16:13', '未登录访问 /swagger-ui/index.html 被拦截！', '169.254.83.87');
INSERT INTO `log`
VALUES (31, NULL, '2020-12-15 14:17:21', '未登录访问 /swagger-ui/index.html 被拦截！', '169.254.83.87');
INSERT INTO `log`
VALUES (32, NULL, '2020-12-15 14:19:23', '未登录访问 /server/student/singIn 被拦截！', '169.254.83.87');
INSERT INTO `log`
VALUES (33, '1704270128', '2020-12-15 14:20:53', '登录成功', '169.254.83.87');
INSERT INTO `log`
VALUES (34, NULL, '2020-12-15 14:21:08', '未登录访问 /server/student/author 被拦截！', '169.254.83.87');
INSERT INTO `log`
VALUES (35, NULL, '2020-12-15 14:22:41', '未登录访问 /server/student/show 被拦截！', '169.254.83.87');
INSERT INTO `log`
VALUES (36, '1704270128', '2020-12-15 14:23:02', '登录成功', '169.254.83.87');
INSERT INTO `log`
VALUES (37, '1704270128', '2020-12-15 14:23:11', '完成之前的跳转', '169.254.83.87');
INSERT INTO `log`
VALUES (38, NULL, '2020-12-15 14:29:10', '未登录访问 /server/student/show 被拦截！', '169.254.83.87');
INSERT INTO `log`
VALUES (39, '1704270128', '2020-12-15 14:29:27', '登录成功', '169.254.83.87');
INSERT INTO `log`
VALUES (40, '1704270128', '2020-12-15 14:29:33', '完成之前的跳转 /server/student/show', '169.254.83.87');
INSERT INTO `log`
VALUES (41, NULL, '2020-12-15 14:29:37', '尝试获取全部签到数据', '169.254.83.87');
INSERT INTO `log`
VALUES (42, NULL, '2020-12-15 15:02:24', '尝试获取全部日志', '169.254.83.87');
INSERT INTO `log`
VALUES (43, NULL, '2020-12-15 15:03:56', '未登录访问 /server/login/log/show 被拦截！', '169.254.83.87');
INSERT INTO `log`
VALUES (44, '1704270128', '2020-12-15 15:17:02', '登录成功', '169.254.83.87');
INSERT INTO `log`
VALUES (45, '1704270128', '2020-12-15 15:17:38', '登录成功', '169.254.83.87');
INSERT INTO `log`
VALUES (46, '1704270128', '2020-12-15 15:17:40', '登录成功', '169.254.83.87');
INSERT INTO `log`
VALUES (47, NULL, '2020-12-15 15:17:44',
        '退出登录 {Student{id=\'1704270128\', name=\'鲁云浩\', college=\'数学与计算机学院\', vocational=\'0426_信息与计算科学\', className=\'信科11701\'}}',
        '169.254.83.87');
INSERT INTO `log`
VALUES (48, NULL, '2020-12-15 15:19:35', '未登录访问 /server/login/log/show 被拦截！', '169.254.83.87');
INSERT INTO `log`
VALUES (49, '1704270128', '2020-12-15 15:19:43', '登录成功', '169.254.83.87');
INSERT INTO `log`
VALUES (50, '1704270128', '2020-12-15 15:19:48', '完成之前的跳转 /server/login/log/show', '169.254.83.87');
INSERT INTO `log`
VALUES (51, NULL, '2020-12-15 15:19:48', '尝试获取全部日志', '169.254.83.87');
INSERT INTO `log`
VALUES (52, NULL, '2020-12-15 15:19:55',
        '退出登录 {Student{id=\'1704270128\', name=\'鲁云浩\', college=\'数学与计算机学院\', vocational=\'0426_信息与计算科学\', className=\'信科11701\'}}',
        '169.254.83.87');
INSERT INTO `log`
VALUES (53, NULL, '2020-12-15 15:19:59', '未登录访问 /server/login/log/show 被拦截！', '169.254.83.87');
INSERT INTO `log`
VALUES (54, NULL, '2020-12-16 12:09:04', '未登录访问 /server/login/student/author 被拦截！', '169.254.83.87');
INSERT INTO `log`
VALUES (55, NULL, '2020-12-16 12:09:17', '未登录访问 /server/login/student/author 被拦截！', '169.254.83.87');
INSERT INTO `log`
VALUES (56, NULL, '2020-12-16 12:09:27', '未登录访问 /server/login/student/author 被拦截！', '169.254.83.87');
INSERT INTO `log`
VALUES (57, NULL, '2020-12-16 12:09:44', '未登录访问 /server/login/student/author 被拦截！', '169.254.83.87');
INSERT INTO `log`
VALUES (58, NULL, '2020-12-16 12:10:04', '未登录访问 /server/login/student/author 被拦截！', '169.254.83.87');
INSERT INTO `log`
VALUES (59, NULL, '2020-12-16 12:10:13', '未登录访问 /server/login/student/author 被拦截！', '169.254.83.87');
INSERT INTO `log`
VALUES (60, NULL, '2020-12-16 12:10:52', '未登录访问 /server/login/student/author 被拦截！', '169.254.83.87');
INSERT INTO `log`
VALUES (61, NULL, '2020-12-16 12:11:02', '未登录访问 /server/login/student/author 被拦截！', '169.254.83.87');
INSERT INTO `log`
VALUES (62, NULL, '2020-12-16 12:11:14', '未登录访问 /server/login/student/author 被拦截！', '169.254.83.87');
INSERT INTO `log`
VALUES (63, NULL, '2020-12-16 12:11:18', '未登录访问 /server/login 被拦截！', '169.254.83.87');
INSERT INTO `log`
VALUES (64, NULL, '2020-12-16 12:14:22', '未登录访问 /server/login/student/author 被拦截！', '169.254.83.87');
INSERT INTO `log`
VALUES (65, NULL, '2020-12-16 12:15:38', '未登录访问 /server/login/student/author 被拦截！', '169.254.83.87');
INSERT INTO `log`
VALUES (66, NULL, '2020-12-16 12:15:49', '未登录访问 /server/login/student/author 被拦截！', '169.254.83.87');
INSERT INTO `log`
VALUES (67, NULL, '2020-12-16 12:17:32', '未登录访问 /server/login/student/author 被拦截！', '169.254.83.87');
INSERT INTO `log`
VALUES (68, NULL, '2020-12-16 12:17:53', '未登录访问 /server/login/student/author 被拦截！', '169.254.83.87');
INSERT INTO `log`
VALUES (69, NULL, '2020-12-16 12:19:24', '未登录访问 /server/login/student/author 被拦截！', '169.254.83.87');
INSERT INTO `log`
VALUES (70, NULL, '2020-12-16 12:20:07', '未登录访问 /server/login/student/author 被拦截！', '169.254.83.87');
INSERT INTO `log`
VALUES (71, NULL, '2020-12-16 12:20:16', '未登录访问 /server/login/student/author 被拦截！', '169.254.83.87');
INSERT INTO `log`
VALUES (72, '17', '2020-12-16 12:22:11',
        '登录失败-{输入内容为Student{id=\'17\', name=\'28\', college=\'null\', vocational=\'null\', className=\'null\'}}',
        '169.254.83.87');
INSERT INTO `log`
VALUES (73, '17', '2020-12-16 12:25:31',
        '登录失败-{输入内容为Student{id=\'17\', name=\'28\', college=\'null\', vocational=\'null\', className=\'null\'}}',
        '169.254.83.87');
INSERT INTO `log`
VALUES (74, '1704270128', '2020-12-16 12:25:47', '登录成功', '169.254.83.87');
INSERT INTO `log`
VALUES (75, '1704270128', '2020-12-16 12:52:54', '完成之前的跳转 /server/login/student/author', '169.254.83.87');
INSERT INTO `log`
VALUES (76, '1704270128', '2020-12-16 12:53:52', '签到成功', '169.254.83.87');
INSERT INTO `log`
VALUES (77, NULL, '2020-12-16 13:03:30',
        '登录失败-{输入内容为Student{id=\'null\', name=\'null\', college=\'null\', vocational=\'null\', className=\'null\'}}',
        '169.254.83.87');
INSERT INTO `log`
VALUES (78, '1704270128', '2020-12-16 13:03:45', '登录成功', '169.254.83.87');
INSERT INTO `log`
VALUES (79, '1704270128', '2020-12-16 13:44:21',
        '登录失败-{输入内容为Student{id=\'1704270128\', name=\'hll\', college=\'null\', vocational=\'null\', className=\'null\'}}',
        '169.254.83.87');
INSERT INTO `log`
VALUES (80, '1704270128', '2020-12-16 13:44:27', '登录成功', '169.254.83.87');
INSERT INTO `log`
VALUES (81, '1704270128', '2020-12-16 13:44:42', '登录成功', '169.254.83.87');
INSERT INTO `log`
VALUES (82, '1704270128', '2020-12-16 13:55:36', '登录成功', '169.254.83.87');
INSERT INTO `log`
VALUES (83, NULL, '2020-12-16 13:55:46', '尝试获取全部日志', '169.254.83.87');
INSERT INTO `log`
VALUES (84, NULL, '2020-12-16 13:57:32', '尝试获取全部日志', '169.254.83.87');
INSERT INTO `log`
VALUES (85, NULL, '2020-12-16 13:58:26', '未登录访问 /server/login/log/show 被拦截！', '169.254.83.87');
INSERT INTO `log`
VALUES (86, NULL, '2020-12-16 13:58:32', '未登录访问 /server/login/log/show 被拦截！', '169.254.83.87');
INSERT INTO `log`
VALUES (87, NULL, '2020-12-16 13:58:38', '未登录访问 /server/login/log/show 被拦截！', '169.254.83.87');
INSERT INTO `log`
VALUES (88, NULL, '2020-12-16 13:58:40', '未登录访问 /server/login/log/show 被拦截！', '169.254.83.87');
INSERT INTO `log`
VALUES (89, NULL, '2020-12-16 13:58:43', '未登录访问 /server/login/log/show 被拦截！', '169.254.83.87');
INSERT INTO `log`
VALUES (90, NULL, '2020-12-16 13:58:55', '未登录访问 /server/login/log/show 被拦截！', '169.254.83.87');
INSERT INTO `log`
VALUES (91, NULL, '2020-12-16 13:59:01', '未登录访问 /server/login/log/show 被拦截！', '169.254.83.87');
INSERT INTO `log`
VALUES (92, NULL, '2020-12-16 14:00:14', '未登录访问 /server/login/log/show 被拦截！', '169.254.83.87');
INSERT INTO `log`
VALUES (93, NULL, '2020-12-16 14:00:21', '未登录访问 /server/login/log/show 被拦截！', '169.254.83.87');
INSERT INTO `log`
VALUES (94, NULL, '2020-12-16 14:01:18', '未登录访问 /server/login/log/show 被拦截！', '169.254.83.87');
INSERT INTO `log`
VALUES (95, NULL, '2020-12-16 14:01:34', '未登录访问 /server/login/log/show 被拦截！', '169.254.83.87');
INSERT INTO `log`
VALUES (96, NULL, '2020-12-16 14:02:37', '未登录访问 /server/login/log/show 被拦截！', '169.254.83.87');
INSERT INTO `log`
VALUES (97, NULL, '2020-12-16 14:03:07', '未登录访问 /server/login/log/show 被拦截！', '169.254.83.87');
INSERT INTO `log`
VALUES (98, NULL, '2020-12-16 14:03:49', '未登录访问 //server/login/log/show 被拦截！', '169.254.83.87');
INSERT INTO `log`
VALUES (99, NULL, '2020-12-16 14:04:37', '未登录访问 //server/login/log/show 被拦截！', '169.254.83.87');
INSERT INTO `log`
VALUES (100, NULL, '2020-12-16 14:04:47', '未登录访问 /server/login/log/show 被拦截！', '169.254.83.87');
INSERT INTO `log`
VALUES (101, NULL, '2020-12-16 14:04:54', '未登录访问 /server/login/log/show 被拦截！', '169.254.83.87');
INSERT INTO `log`
VALUES (102, NULL, '2020-12-16 14:05:37', '未登录访问 /server/login/log/show 被拦截！', '169.254.83.87');
INSERT INTO `log`
VALUES (103, NULL, '2020-12-16 14:05:44', '未登录访问 /server/login/log/show 被拦截！', '169.254.83.87');
INSERT INTO `log`
VALUES (104, NULL, '2020-12-16 14:06:04', '未登录访问 /server/login/log/show 被拦截！', '169.254.83.87');
INSERT INTO `log`
VALUES (105, NULL, '2020-12-16 14:06:06', '未登录访问 /server/login/log/show 被拦截！', '169.254.83.87');
INSERT INTO `log`
VALUES (106, '1704270128', '2020-12-16 14:06:26', '登录成功', '169.254.83.87');
INSERT INTO `log`
VALUES (107, '1704270128', '2020-12-16 14:06:30', '登录成功', '169.254.83.87');
INSERT INTO `log`
VALUES (108, '1704270128', '2020-12-16 14:06:39', '完成之前的跳转 /server/login/log/show', '169.254.83.87');
INSERT INTO `log`
VALUES (109, NULL, '2020-12-16 14:06:41', '尝试获取全部日志', '169.254.83.87');
INSERT INTO `log`
VALUES (110, NULL, '2020-12-16 14:06:43', '尝试获取全部日志', '169.254.83.87');
INSERT INTO `log`
VALUES (111, NULL, '2020-12-16 14:08:21', '未登录访问 /server/login/log/show 被拦截！', '169.254.83.87');
INSERT INTO `log`
VALUES (112, NULL, '2020-12-16 14:09:46', '未登录访问 /server/login/log/show 被拦截！', '169.254.83.87');
INSERT INTO `log`
VALUES (113, NULL, '2020-12-16 14:10:07', '未登录访问 /server/login/log/show 被拦截！', '169.254.83.87');
INSERT INTO `log`
VALUES (114, '1704270128', '2020-12-16 14:13:03', '登录成功', '169.254.83.87');
INSERT INTO `log`
VALUES (115, NULL, '2020-12-16 14:13:21', '尝试获取全部日志', '169.254.83.87');
INSERT INTO `log`
VALUES (116, '1704270128', '2020-12-16 14:15:14', '登录成功', '192.168.43.1');
INSERT INTO `log`
VALUES (117, '1704270128', '2020-12-16 14:15:19', '登录成功', '192.168.43.1');
INSERT INTO `log`
VALUES (118, '1704270128', '2020-12-16 14:15:30', '登录成功', '192.168.43.1');
INSERT INTO `log`
VALUES (119, '1704270128', '2020-12-16 14:16:21', '登录成功', '192.168.43.1');
INSERT INTO `log`
VALUES (120, NULL, '2020-12-16 14:16:39', '尝试获取全部日志', '192.168.43.1');
INSERT INTO `log`
VALUES (121, '1704270128', '2020-12-16 14:27:50', '登录成功', '169.254.83.87');
INSERT INTO `log`
VALUES (122, NULL, '2020-12-16 14:27:53', '尝试获取全部日志', '169.254.83.87');
INSERT INTO `log`
VALUES (123, '1704270128', '2020-12-16 14:32:05', '登录成功', '169.254.83.87');
INSERT INTO `log`
VALUES (124, NULL, '2020-12-16 14:32:06', '尝试获取全部日志', '169.254.83.87');
INSERT INTO `log`
VALUES (125, NULL, '2020-12-16 14:32:47', '尝试获取全部日志', '169.254.83.87');
INSERT INTO `log`
VALUES (126, NULL, '2020-12-16 14:32:50', '尝试获取全部日志', '169.254.83.87');
INSERT INTO `log`
VALUES (127, NULL, '2020-12-16 14:33:01', '尝试获取全部日志', '169.254.83.87');
INSERT INTO `log`
VALUES (128, NULL, '2020-12-16 14:33:19', '尝试获取全部日志', '169.254.83.87');
INSERT INTO `log`
VALUES (129, NULL, '2020-12-16 14:33:33', '尝试获取全部日志', '169.254.83.87');
INSERT INTO `log`
VALUES (130, NULL, '2020-12-16 14:34:02', '尝试获取全部日志', '169.254.83.87');
INSERT INTO `log`
VALUES (131, NULL, '2020-12-16 14:34:40', '未登录访问 /server/login/log/show 被拦截！', '192.168.43.1');
INSERT INTO `log`
VALUES (132, NULL, '2020-12-16 14:34:48', '未登录访问 /server/login/log/show 被拦截！', '192.168.43.1');
INSERT INTO `log`
VALUES (133, NULL, '2020-12-16 14:35:03', '未登录访问 /server/login/log/show 被拦截！', '169.254.83.87');
INSERT INTO `log`
VALUES (134, NULL, '2020-12-16 14:36:02', '未登录访问 /server/login/log/show 被拦截！', '169.254.83.87');
INSERT INTO `log`
VALUES (135, '1704270128', '2020-12-16 14:36:27', '登录成功', '169.254.83.87');
INSERT INTO `log`
VALUES (136, '1704270128', '2020-12-16 14:36:31', '完成之前的跳转 /server/login/log/show', '169.254.83.87');
INSERT INTO `log`
VALUES (137, NULL, '2020-12-16 14:36:31', '尝试获取全部日志', '169.254.83.87');
INSERT INTO `log`
VALUES (138, NULL, '2020-12-16 14:37:12', '尝试获取全部日志', '169.254.83.87');
INSERT INTO `log`
VALUES (139, NULL, '2020-12-16 14:37:59', '尝试获取全部日志', '169.254.83.87');
INSERT INTO `log`
VALUES (140, '1704270128', '2020-12-16 14:43:44', '登录成功', '169.254.83.87');
INSERT INTO `log`
VALUES (141, NULL, '2020-12-16 14:43:57', '尝试获取全部签到数据', '169.254.83.87');
INSERT INTO `log`
VALUES (142, NULL, '2020-12-16 14:44:01', '尝试获取全部签到数据', '169.254.83.87');
INSERT INTO `log`
VALUES (143, NULL, '2020-12-16 14:45:12', '尝试获取全部签到数据', '169.254.83.87');
INSERT INTO `log`
VALUES (144, '1704270128', '2020-12-16 15:03:39', '登录成功', '169.254.83.87');
INSERT INTO `log`
VALUES (145, NULL, '2020-12-16 15:04:05', '尝试获取undefined的签到记录', '169.254.83.87');
INSERT INTO `log`
VALUES (146, NULL, '2020-12-16 15:04:11', '尝试获取undefined的签到记录', '169.254.83.87');
INSERT INTO `log`
VALUES (147, '1704270128', '2020-12-16 15:08:25', '登录成功', '169.254.83.87');
INSERT INTO `log`
VALUES (148, '1704270128', '2020-12-16 15:09:28', '登录成功', '169.254.83.87');
INSERT INTO `log`
VALUES (149, '1704270128', '2020-12-16 15:09:49', '登录成功', '169.254.83.87');
INSERT INTO `log`
VALUES (150, '1704270128', '2020-12-16 15:10:27', '登录成功', '169.254.83.87');
INSERT INTO `log`
VALUES (151, '1704270128', '2020-12-16 15:10:52', '登录成功', '169.254.83.87');
INSERT INTO `log`
VALUES (152, NULL, '2020-12-16 15:11:13', '尝试获取undefined的签到记录', '169.254.83.87');
INSERT INTO `log`
VALUES (153, '1704270128', '2020-12-16 15:11:38', '登录成功', '169.254.83.87');
INSERT INTO `log`
VALUES (154, '1704270128', '2020-12-16 15:12:18', '登录成功', '169.254.83.87');
INSERT INTO `log`
VALUES (155, NULL, '2020-12-16 15:12:22', '尝试获取undefined的签到记录', '169.254.83.87');
INSERT INTO `log`
VALUES (156, '1704270128', '2020-12-16 15:16:21', '登录成功', '169.254.83.87');
INSERT INTO `log`
VALUES (157, '1704270128', '2020-12-16 15:16:22', '登录成功', '169.254.83.87');
INSERT INTO `log`
VALUES (158, '1704270128', '2020-12-16 15:16:35', '登录成功', '169.254.83.87');
INSERT INTO `log`
VALUES (159, '1704270128', '2020-12-16 15:17:11', '登录成功', '169.254.83.87');
INSERT INTO `log`
VALUES (160, '1704270128', '2020-12-16 15:17:20', '登录成功', '169.254.83.87');
INSERT INTO `log`
VALUES (161, NULL, '2020-12-16 15:17:23', '尝试获取undefined的签到记录', '169.254.83.87');
INSERT INTO `log`
VALUES (162, '1704270128', '2020-12-16 15:24:21', '登录成功', '169.254.83.87');
INSERT INTO `log`
VALUES (163, NULL, '2020-12-16 15:24:24', '尝试获取1704270128的签到记录', '169.254.83.87');
INSERT INTO `log`
VALUES (164, NULL, '2020-12-16 15:28:30', '未登录访问 /server/login/log/show 被拦截！', '169.254.83.87');
INSERT INTO `log`
VALUES (165, NULL, '2020-12-16 15:28:33', '未登录访问 /server/login/log/show 被拦截！', '169.254.83.87');
INSERT INTO `log`
VALUES (166, NULL, '2020-12-16 15:28:34', '未登录访问 /server/login/student/show 被拦截！', '169.254.83.87');
INSERT INTO `log`
VALUES (167, '1704270128', '2020-12-16 15:28:47', '登录成功', '169.254.83.87');
INSERT INTO `log`
VALUES (168, '1704270128', '2020-12-16 15:28:49', '完成之前的跳转 /server/login/student/show', '169.254.83.87');
INSERT INTO `log`
VALUES (169, NULL, '2020-12-16 15:28:53', '尝试获取全部日志', '169.254.83.87');
INSERT INTO `log`
VALUES (170, NULL, '2020-12-16 15:28:53', '尝试获取全部签到数据', '169.254.83.87');
INSERT INTO `log`
VALUES (171, NULL, '2020-12-16 15:29:02', '尝试获取全部日志', '169.254.83.87');
INSERT INTO `log`
VALUES (172, NULL, '2020-12-16 15:29:06', '尝试获取全部签到数据', '169.254.83.87');
INSERT INTO `log`
VALUES (173, NULL, '2020-12-16 15:29:14', '尝试获取全部日志', '169.254.83.87');
INSERT INTO `log`
VALUES (174, NULL, '2020-12-16 15:29:18', '尝试获取1704270128的签到记录', '169.254.83.87');
INSERT INTO `log`
VALUES (175, NULL, '2020-12-16 15:29:22', '尝试获取全部日志', '169.254.83.87');
INSERT INTO `log`
VALUES (176, NULL, '2020-12-16 15:29:24', '尝试获取全部签到数据', '169.254.83.87');
INSERT INTO `log`
VALUES (177, NULL, '2020-12-16 15:29:28', '尝试获取1704270128的签到记录', '169.254.83.87');
INSERT INTO `log`
VALUES (178, NULL, '2020-12-16 15:29:30', '尝试获取全部签到数据', '169.254.83.87');
INSERT INTO `log`
VALUES (179, NULL, '2020-12-16 15:30:22',
        '退出登录 {Student{id=\'1704270128\', name=\'鲁云浩\', college=\'数学与计算机学院\', vocational=\'0426_信息与计算科学\', className=\'信科11701\'}}',
        '169.254.83.87');
INSERT INTO `log`
VALUES (180, '1704270128', '2020-12-16 15:31:06', '登录成功', '169.254.83.87');
INSERT INTO `log`
VALUES (181, NULL, '2020-12-16 15:31:15', '尝试获取全部签到数据', '169.254.83.87');
INSERT INTO `log`
VALUES (182, NULL, '2020-12-16 15:31:39', '尝试获取1704270128的签到记录', '169.254.83.87');
INSERT INTO `log`
VALUES (183, NULL, '2020-12-16 15:31:41', '尝试获取全部日志', '169.254.83.87');
INSERT INTO `log`
VALUES (184, NULL, '2020-12-16 15:31:42', '尝试获取全部签到数据', '169.254.83.87');
INSERT INTO `log`
VALUES (185, NULL, '2020-12-16 15:31:52', '尝试获取全部日志', '169.254.83.87');
INSERT INTO `log`
VALUES (186, NULL, '2020-12-16 15:31:55', '尝试获取全部日志', '169.254.83.87');
INSERT INTO `log`
VALUES (187, NULL, '2020-12-16 15:31:56', '尝试获取全部日志', '169.254.83.87');
INSERT INTO `log`
VALUES (188, NULL, '2020-12-16 15:32:08', '尝试获取1704270128的签到记录', '169.254.83.87');
INSERT INTO `log`
VALUES (189, NULL, '2020-12-16 15:32:37', '尝试获取1704270128的签到记录', '169.254.83.87');
INSERT INTO `log`
VALUES (190, '1704270128', '2020-12-16 15:35:46', '登录成功', '169.254.83.87');
INSERT INTO `log`
VALUES (191, NULL, '2020-12-16 15:35:50', '尝试获取1704270128的签到记录', '169.254.83.87');
INSERT INTO `log`
VALUES (192, NULL, '2020-12-16 15:35:52', '尝试获取全部日志', '169.254.83.87');
INSERT INTO `log`
VALUES (193, NULL, '2020-12-16 15:35:54', '尝试获取全部签到数据', '169.254.83.87');
INSERT INTO `log`
VALUES (194, NULL, '2020-12-16 15:35:59', '尝试获取全部签到数据', '169.254.83.87');
INSERT INTO `log`
VALUES (195, NULL, '2020-12-16 15:36:02', '尝试获取全部签到数据', '169.254.83.87');
INSERT INTO `log`
VALUES (196, '1704270128', '2020-12-16 15:49:31', '登录成功', '169.254.83.87');
INSERT INTO `log`
VALUES (197, NULL, '2020-12-16 15:49:38', '尝试获取全部签到数据', '169.254.83.87');
INSERT INTO `log`
VALUES (198, NULL, '2020-12-16 15:49:48',
        '退出登录 {Student{id=\'1704270128\', name=\'鲁云浩\', college=\'数学与计算机学院\', vocational=\'0426_信息与计算科学\', className=\'信科11701\'}}',
        '169.254.83.87');
INSERT INTO `log`
VALUES (199, '1804270110', '2020-12-16 15:50:49', '登录成功', '169.254.83.87');
INSERT INTO `log`
VALUES (200, NULL, '2020-12-16 15:50:57', '尝试获取全部签到数据', '169.254.83.87');
INSERT INTO `log`
VALUES (201, '1704270128', '2020-12-17 09:06:45',
        '登录失败-{输入内容为Student{id=\'1704270128\', name=\'鲁云浩1\', college=\'null\', vocational=\'null\', className=\'null\'}}',
        '10.166.21.185');
INSERT INTO `log`
VALUES (202, '1704270128', '2020-12-17 09:07:00', '登录成功', '10.166.21.185');
INSERT INTO `log`
VALUES (203, NULL, '2020-12-17 09:07:36',
        '退出登录 {Student{id=\'1704270128\', name=\'鲁云浩\', college=\'数学与计算机学院\', vocational=\'0426_信息与计算科学\', className=\'信科11701\'}}',
        '10.166.21.185');
INSERT INTO `log`
VALUES (204, NULL, '2020-12-17 09:07:44', '未登录访问 /server/login/student/show 被拦截！', '10.166.21.185');
INSERT INTO `log`
VALUES (205, NULL, '2020-12-17 09:07:48', '未登录访问 /server/login/student/show 被拦截！', '10.166.21.185');
INSERT INTO `log`
VALUES (206, NULL, '2020-12-17 09:07:55', '未登录访问 /server/login/student/show/1704270128 被拦截！', '10.166.21.185');
INSERT INTO `log`
VALUES (207, NULL, '2020-12-17 09:07:56', '未登录访问 /server/login/log/show 被拦截！', '10.166.21.185');
INSERT INTO `log`
VALUES (208, NULL, '2020-12-17 09:07:57', '未登录访问 /server/login/log/show 被拦截！', '10.166.21.185');
INSERT INTO `log`
VALUES (209, NULL, '2020-12-17 09:07:58', '未登录访问 /server/login/log/show 被拦截！', '10.166.21.185');
INSERT INTO `log`
VALUES (210, NULL, '2020-12-17 09:07:59', '未登录访问 /server/login/student/show/1704270128 被拦截！', '10.166.21.185');
INSERT INTO `log`
VALUES (211, NULL, '2020-12-17 09:07:59', '未登录访问 /server/login/student/show 被拦截！', '10.166.21.185');
INSERT INTO `log`
VALUES (212, NULL, '2020-12-17 09:08:16', '未登录访问 /server/login/student/show 被拦截！', '10.166.21.185');
INSERT INTO `log`
VALUES (213, '1704270128', '2020-12-17 09:08:29', '登录成功', '10.166.21.185');
INSERT INTO `log`
VALUES (214, '1704270128', '2020-12-17 09:08:31', '完成之前的跳转 /server/login/student/show', '10.166.21.185');
INSERT INTO `log`
VALUES (215, NULL, '2020-12-17 09:08:32', '尝试获取全部签到数据', '10.166.21.185');
INSERT INTO `log`
VALUES (216, NULL, '2020-12-17 09:09:26', '尝试获取全部签到数据', '10.166.21.185');
INSERT INTO `log`
VALUES (217, NULL, '2020-12-17 09:09:27', '尝试获取1704270128的签到记录', '10.166.21.185');
INSERT INTO `log`
VALUES (218, '1704270128', '2020-12-17 09:09:38', '签到成功', '10.166.21.185');
INSERT INTO `log`
VALUES (219, NULL, '2020-12-17 09:09:43', '尝试获取1704270128的签到记录', '10.166.21.185');
INSERT INTO `log`
VALUES (220, NULL, '2020-12-17 09:09:53', '尝试获取1704270128的签到记录', '10.166.21.185');
INSERT INTO `log`
VALUES (221, NULL, '2020-12-17 09:09:53', '尝试获取1704270128的签到记录', '10.166.21.185');
INSERT INTO `log`
VALUES (222, NULL, '2020-12-17 09:09:54', '尝试获取1704270128的签到记录', '10.166.21.185');
INSERT INTO `log`
VALUES (223, NULL, '2020-12-17 09:09:59', '尝试获取1704270128的签到记录', '10.166.21.185');
INSERT INTO `log`
VALUES (224, NULL, '2020-12-17 09:10:47', '尝试获取1704270128的签到记录', '10.166.21.185');
INSERT INTO `log`
VALUES (225, NULL, '2020-12-17 09:10:48', '尝试获取1704270128的签到记录', '10.166.21.185');
INSERT INTO `log`
VALUES (226, NULL, '2020-12-17 09:10:49', '尝试获取全部签到数据', '10.166.21.185');
INSERT INTO `log`
VALUES (227, NULL, '2020-12-17 09:10:49', '尝试获取1704270128的签到记录', '10.166.21.185');
INSERT INTO `log`
VALUES (228, NULL, '2020-12-17 09:10:50', '尝试获取1704270128的签到记录', '10.166.21.185');
INSERT INTO `log`
VALUES (229, NULL, '2020-12-17 09:10:50', '尝试获取1704270128的签到记录', '10.166.21.185');
INSERT INTO `log`
VALUES (230, NULL, '2020-12-17 09:10:51', '尝试获取1704270128的签到记录', '10.166.21.185');
INSERT INTO `log`
VALUES (231, NULL, '2020-12-17 09:10:51', '尝试获取1704270128的签到记录', '10.166.21.185');
INSERT INTO `log`
VALUES (232, NULL, '2020-12-17 09:10:51', '尝试获取1704270128的签到记录', '10.166.21.185');
INSERT INTO `log`
VALUES (233, NULL, '2020-12-17 09:10:51', '尝试获取1704270128的签到记录', '10.166.21.185');
INSERT INTO `log`
VALUES (234, NULL, '2020-12-17 09:10:53', '尝试获取全部日志', '10.166.21.185');
INSERT INTO `log`
VALUES (235, NULL, '2020-12-17 09:11:14', '尝试获取1704270128的签到记录', '10.166.21.185');
INSERT INTO `log`
VALUES (236, NULL, '2020-12-17 09:11:17', '尝试获取1704270128的签到记录', '10.166.21.185');
INSERT INTO `log`
VALUES (237, NULL, '2020-12-17 09:11:17', '尝试获取全部日志', '10.166.21.185');
INSERT INTO `log`
VALUES (238, NULL, '2020-12-17 09:11:18', '尝试获取全部签到数据', '10.166.21.185');
INSERT INTO `log`
VALUES (239, NULL, '2020-12-17 09:11:18', '尝试获取全部日志', '10.166.21.185');
INSERT INTO `log`
VALUES (240, NULL, '2020-12-17 09:11:20', '尝试获取全部日志', '10.166.21.185');
INSERT INTO `log`
VALUES (241, NULL, '2020-12-17 09:11:58', '尝试获取全部日志', '10.166.21.185');
INSERT INTO `log`
VALUES (242, NULL, '2020-12-17 09:11:59', '尝试获取全部日志', '10.166.21.185');
INSERT INTO `log`
VALUES (243, NULL, '2020-12-17 09:12:08', '尝试获取1704270128的签到记录', '10.166.21.185');
INSERT INTO `log`
VALUES (244, NULL, '2020-12-17 09:12:09', '尝试获取全部签到数据', '10.166.21.185');
INSERT INTO `log`
VALUES (245, NULL, '2020-12-17 09:12:13', '尝试获取全部日志', '10.166.21.185');
INSERT INTO `log`
VALUES (246, NULL, '2020-12-17 09:12:14', '尝试获取全部日志', '10.166.21.185');
INSERT INTO `log`
VALUES (247, NULL, '2020-12-17 09:24:10', '尝试获取全部签到数据', '10.166.21.185');
INSERT INTO `log`
VALUES (248, NULL, '2020-12-17 09:24:18', '尝试获取1704270128的签到记录', '10.166.21.185');
INSERT INTO `log`
VALUES (249, NULL, '2020-12-17 09:24:19', '尝试获取全部签到数据', '10.166.21.185');
INSERT INTO `log`
VALUES (250, NULL, '2020-12-17 09:24:20', '尝试获取全部签到数据', '10.166.21.185');
INSERT INTO `log`
VALUES (251, '1704270128', '2020-12-17 09:40:03', 'test', '127.0.0.1');
INSERT INTO `log`
VALUES (252, '1704270128', '2020-12-17 11:21:50', '登录成功', '169.254.83.87');
INSERT INTO `log`
VALUES (253, NULL, '2020-12-17 11:21:57', '尝试获取全部签到数据', '169.254.83.87');
INSERT INTO `log`
VALUES (254, '1704270128', '2020-12-17 11:34:24', '登录成功', '169.254.83.87');
INSERT INTO `log`
VALUES (255, '1704270128', '2020-12-17 11:34:58', '登录成功', '169.254.83.87');
INSERT INTO `log`
VALUES (256, '1704270128', '2020-12-17 11:39:39', '登录成功', '169.254.83.87');
INSERT INTO `log`
VALUES (257, '1704270128', '2020-12-17 11:40:44', '登录成功', '169.254.83.87');
INSERT INTO `log`
VALUES (258, NULL, '2020-12-17 11:41:31', '尝试获取全部签到数据', '169.254.83.87');
INSERT INTO `log`
VALUES (259, '1704270128', '2020-12-17 13:18:05', '登录成功', '169.254.83.87');
INSERT INTO `log`
VALUES (260, NULL, '2020-12-17 13:18:32', '尝试获取1704270128的签到记录', '169.254.83.87');
INSERT INTO `log`
VALUES (261, NULL, '2020-12-17 13:18:34', '尝试获取全部日志', '169.254.83.87');
INSERT INTO `log`
VALUES (262, NULL, '2020-12-17 13:20:11', '尝试获取全部签到数据', '169.254.83.87');
INSERT INTO `log`
VALUES (263, NULL, '2020-12-17 13:20:41', '尝试获取全部签到数据', '169.254.83.87');
INSERT INTO `log`
VALUES (264, NULL, '2020-12-17 13:21:28', '尝试获取全部签到数据', '169.254.83.87');
INSERT INTO `log`
VALUES (265, '1704270128', '2020-12-17 13:21:56', '登录成功', '169.254.83.87');
INSERT INTO `log`
VALUES (266, NULL, '2020-12-17 13:22:43', '尝试获取全部签到数据', '169.254.83.87');
INSERT INTO `log`
VALUES (267, NULL, '2020-12-17 13:23:01', '尝试获取全部日志', '169.254.83.87');
INSERT INTO `log`
VALUES (268, NULL, '2020-12-17 13:24:12', '尝试获取全部日志', '169.254.83.87');
INSERT INTO `log`
VALUES (269, NULL, '2020-12-17 13:24:14', '尝试获取全部日志', '169.254.83.87');
INSERT INTO `log`
VALUES (270, '1804270125', '2020-12-17 13:29:02', '登录成功', '169.254.83.87');
INSERT INTO `log`
VALUES (271, '1804270125', '2020-12-17 13:29:03', '登录成功', '169.254.83.87');
INSERT INTO `log`
VALUES (272, NULL, '2020-12-17 13:30:16', '尝试获取全部日志', '169.254.83.87');
INSERT INTO `log`
VALUES (273, NULL, '2020-12-17 13:30:36', '尝试获取全部签到数据', '169.254.83.87');
INSERT INTO `log`
VALUES (274, NULL, '2020-12-17 13:30:36', '尝试获取全部签到数据', '169.254.83.87');
INSERT INTO `log`
VALUES (275, NULL, '2020-12-17 13:30:48', '尝试获取全部签到数据', '169.254.83.87');
INSERT INTO `log`
VALUES (276, NULL, '2020-12-17 13:31:05', '尝试获取全部签到数据', '169.254.83.87');
INSERT INTO `log`
VALUES (277, '1704270128', '2020-12-17 13:33:05', '登录成功', '169.254.83.87');
INSERT INTO `log`
VALUES (278, '1704270128', '2020-12-17 13:33:07', '登录成功', '169.254.83.87');
INSERT INTO `log`
VALUES (279, '1704270128', '2020-12-17 13:37:18', '登录成功', '169.254.83.87');
INSERT INTO `log`
VALUES (280, '1704270128', '2020-12-17 13:40:38', '登录成功', '169.254.83.87');
INSERT INTO `log`
VALUES (281, NULL, '2020-12-17 13:42:18', '尝试获取全部签到数据', '169.254.83.87');
INSERT INTO `log`
VALUES (282, NULL, '2020-12-17 13:42:29', '尝试获取1704270128的签到记录', '169.254.83.87');
INSERT INTO `log`
VALUES (283, NULL, '2020-12-17 13:42:30', '尝试获取全部日志', '169.254.83.87');
INSERT INTO `log`
VALUES (284, NULL, '2020-12-17 13:42:32', '尝试获取全部日志', '169.254.83.87');
INSERT INTO `log`
VALUES (285, NULL, '2020-12-17 13:42:37', '尝试获取全部签到数据', '169.254.83.87');
INSERT INTO `log`
VALUES (286, NULL, '2020-12-17 13:45:36', '未登录访问 /server/login/signIn/ 被拦截！', '169.254.83.87');
INSERT INTO `log`
VALUES (287, '1704270128', '2020-12-17 13:45:51', '登录成功', '169.254.83.87');
INSERT INTO `log`
VALUES (288, '1704270128', '2020-12-17 13:45:53', '完成之前的跳转 /server/login/signIn/', '169.254.83.87');
INSERT INTO `log`
VALUES (289, NULL, '2020-12-17 13:45:57', '尝试获取全部签到数据', '169.254.83.87');
INSERT INTO `log`
VALUES (290, NULL, '2020-12-17 13:46:03', '尝试获取1704270128的签到记录', '169.254.83.87');
INSERT INTO `log`
VALUES (291, '1704270128', '2020-12-17 13:47:19', '登录成功', '169.254.83.87');
INSERT INTO `log`
VALUES (292, NULL, '2020-12-17 13:47:21', '尝试签到', '169.254.83.87');
INSERT INTO `log`
VALUES (293, '1704270128', '2020-12-17 13:50:03', '登录成功', '169.254.83.87');
INSERT INTO `log`
VALUES (294, NULL, '2020-12-17 13:50:04', '尝试签到', '169.254.83.87');
INSERT INTO `log`
VALUES (295, '1704270128', '2020-12-17 13:50:05', '尝试覆盖签到', '169.254.83.87');
INSERT INTO `log`
VALUES (296, '1704270128', '2020-12-17 13:51:08', '登录成功', '169.254.83.87');
INSERT INTO `log`
VALUES (297, '1704270128', '2020-12-17 13:51:09', '尝试签到', '169.254.83.87');
INSERT INTO `log`
VALUES (298, '1704270128', '2020-12-17 13:51:14', '尝试覆盖签到', '169.254.83.87');
INSERT INTO `log`
VALUES (299, NULL, '2020-12-17 13:51:23', '尝试获取1704270128的签到记录', '169.254.83.87');
INSERT INTO `log`
VALUES (300, NULL, '2020-12-17 13:51:25', '尝试获取全部签到数据', '169.254.83.87');
INSERT INTO `log`
VALUES (301, '1704270128', '2020-12-17 14:09:37', '登录成功', '169.254.83.87');
INSERT INTO `log`
VALUES (302, '1704270128', '2020-12-17 14:27:08', '登录成功', '169.254.83.87');
INSERT INTO `log`
VALUES (303, NULL, '2020-12-17 14:27:14', '尝试获取全部签到数据', '169.254.83.87');
INSERT INTO `log`
VALUES (304, NULL, '2020-12-17 14:27:18', '尝试获取1704270128的签到记录', '169.254.83.87');
INSERT INTO `log`
VALUES (305, NULL, '2020-12-17 14:27:24', '尝试获取1804230918的签到记录', '169.254.83.87');
INSERT INTO `log`
VALUES (306, NULL, '2020-12-17 14:27:35', '尝试获取1804270125的签到记录', '169.254.83.87');
INSERT INTO `log`
VALUES (307, NULL, '2020-12-17 14:27:51', '尝试获取1704270128的签到记录', '169.254.83.87');
INSERT INTO `log`
VALUES (308, NULL, '2020-12-17 14:27:56', '尝试获取全部签到数据', '169.254.83.87');
INSERT INTO `log`
VALUES (309, NULL, '2020-12-17 14:29:25',
        '退出登录 {Student{id=\'1704270128\', name=\'鲁云浩\', college=\'数学与计算机学院\', vocational=\'0426_信息与计算科学\', className=\'信科11701\'}}',
        '169.254.83.87');
INSERT INTO `log`
VALUES (310, '1704270128', '2020-12-17 15:21:34', '登录成功', '169.254.83.87');
INSERT INTO `log`
VALUES (311, '1704270128', '2020-12-17 15:28:45', '登录成功', '169.254.83.87');
INSERT INTO `log`
VALUES (312, NULL, '2020-12-17 15:30:48', '尝试获取1704270128的签到记录', '169.254.83.87');
INSERT INTO `log`
VALUES (313, NULL, '2020-12-17 15:30:54', '尝试获取全部签到数据', '169.254.83.87');
INSERT INTO `log`
VALUES (314, NULL, '2020-12-17 15:33:18', '未登录访问 /server/login/signIn/now 被拦截！', '169.254.83.87');
INSERT INTO `log`
VALUES (315, '1704270128', '2020-12-17 15:33:26', '登录成功', '169.254.83.87');
INSERT INTO `log`
VALUES (316, '1704270128', '2020-12-17 15:39:17', '尝试签到', '169.254.83.87');
INSERT INTO `log`
VALUES (317, '1704270128', '2020-12-17 15:39:18', '尝试覆盖签到', '169.254.83.87');
INSERT INTO `log`
VALUES (318, '1704270128', '2020-12-17 16:24:54', '登录成功', '169.254.83.87');
INSERT INTO `log`
VALUES (319, NULL, '2020-12-17 16:25:02', '尝试获取全部签到数据', '169.254.83.87');
INSERT INTO `log`
VALUES (320, NULL, '2020-12-17 16:25:08', '尝试获取1804270206的签到记录', '169.254.83.87');
INSERT INTO `log`
VALUES (321, NULL, '2020-12-17 16:25:27', '尝试获取1804270103的签到记录', '169.254.83.87');
INSERT INTO `log`
VALUES (322, NULL, '2020-12-17 16:25:41', '尝试获取1804230921的签到记录', '169.254.83.87');
INSERT INTO `log`
VALUES (323, NULL, '2020-12-17 16:25:54', '尝试获取全部日志', '169.254.83.87');
INSERT INTO `log`
VALUES (324, NULL, '2020-12-17 16:25:57', '尝试获取1704270128的签到记录', '169.254.83.87');
INSERT INTO `log`
VALUES (325, NULL, '2020-12-17 16:26:50', '未登录访问 /server/login/signIn/now 被拦截！', '169.254.83.87');
INSERT INTO `log`
VALUES (326, '1704270128', '2020-12-17 16:26:56', '登录成功', '169.254.83.87');
INSERT INTO `log`
VALUES (327, '1704270128', '2020-12-17 16:26:59', '尝试签到', '169.254.83.87');
INSERT INTO `log`
VALUES (328, NULL, '2020-12-17 16:27:07', '尝试获取全部签到数据', '169.254.83.87');
INSERT INTO `log`
VALUES (329, NULL, '2020-12-17 16:27:10', '尝试获取1704270128的签到记录', '169.254.83.87');
INSERT INTO `log`
VALUES (330, '1704270128', '2020-12-17 16:27:20', '尝试签到', '169.254.83.87');
INSERT INTO `log`
VALUES (331, '1704270128', '2020-12-17 16:27:22', '尝试覆盖签到', '169.254.83.87');
INSERT INTO `log`
VALUES (332, NULL, '2020-12-17 16:27:27', '尝试获取1704270128的签到记录', '169.254.83.87');
INSERT INTO `log`
VALUES (333, NULL, '2020-12-17 16:27:30', '尝试获取全部签到数据', '169.254.83.87');
INSERT INTO `log`
VALUES (334, NULL, '2020-12-17 16:27:31', '尝试获取全部日志', '169.254.83.87');
INSERT INTO `log`
VALUES (335, NULL, '2020-12-17 16:27:32', '尝试获取全部签到数据', '169.254.83.87');
INSERT INTO `log`
VALUES (336, NULL, '2020-12-17 16:27:50', '尝试获取全部日志', '169.254.83.87');
INSERT INTO `log`
VALUES (337, NULL, '2020-12-17 16:27:56', '尝试获取1704270128的签到记录', '169.254.83.87');
INSERT INTO `log`
VALUES (338, NULL, '2020-12-17 16:27:58', '尝试获取1704270128的签到记录', '169.254.83.87');
INSERT INTO `log`
VALUES (339, '1704270128', '2020-12-17 16:32:09', 'test', '127.0.0.1');
INSERT INTO `log`
VALUES (340, '1704270128', '2020-12-17 16:47:01',
        '登录失败-{输入内容为Student{id=\'1704270128\', name=\'lyh\', college=\'null\', vocational=\'null\', className=\'null\'}}',
        '61.242.131.13');
INSERT INTO `log`
VALUES (341, '1704270128', '2020-12-17 16:47:07', '登录成功', '61.242.131.13');
INSERT INTO `log`
VALUES (342, NULL, '2020-12-17 16:47:18', '尝试获取全部签到数据', '61.242.131.13');
INSERT INTO `log`
VALUES (343, NULL, '2020-12-17 16:47:23', '尝试获取1804270204的签到记录', '61.242.131.13');
INSERT INTO `log`
VALUES (344, NULL, '2020-12-17 16:47:43', '尝试获取1704270128的签到记录', '61.242.131.13');
INSERT INTO `log`
VALUES (345, NULL, '2020-12-17 16:47:54', '尝试获取全部日志', '61.242.131.13');
INSERT INTO `log`
VALUES (346, '1704270128', '2020-12-17 16:48:10', '尝试签到', '61.242.131.13');
INSERT INTO `log`
VALUES (347, '1704270128', '2020-12-17 16:48:12', '尝试签到', '61.242.131.13');
INSERT INTO `log`
VALUES (348, '1704270128', '2020-12-17 16:48:18', '尝试签到', '61.242.131.13');
INSERT INTO `log`
VALUES (349, '1704270128', '2020-12-17 16:48:21', '尝试签到', '61.242.131.13');
INSERT INTO `log`
VALUES (350, NULL, '2020-12-17 16:48:27', '尝试获取全部日志', '61.242.131.13');
INSERT INTO `log`
VALUES (351, '1704270128', '2020-12-17 16:48:55', '登录成功', '61.242.131.13');
INSERT INTO `log`
VALUES (352, '1704270128', '2020-12-17 16:49:06', '登录成功', '61.242.131.13');
INSERT INTO `log`
VALUES (353, '1704270128', '2020-12-17 16:50:02', '尝试签到', '61.242.131.13');
INSERT INTO `log`
VALUES (354, NULL, '2020-12-17 16:50:07', '尝试获取1704270128的签到记录', '61.242.131.13');
INSERT INTO `log`
VALUES (355, NULL, '2020-12-17 16:50:12', '尝试获取全部签到数据', '61.242.131.13');
INSERT INTO `log`
VALUES (356, NULL, '2020-12-17 16:50:16', '尝试获取1804270123的签到记录', '61.242.131.13');
INSERT INTO `log`
VALUES (357, NULL, '2020-12-17 16:50:20', '尝试获取1804270230的签到记录', '61.242.131.13');
INSERT INTO `log`
VALUES (358, '1704270128', '2020-12-17 17:05:52', '尝试签到', '61.242.131.13');
INSERT INTO `log`
VALUES (359, NULL, '2020-12-18 00:28:22', '未登录访问 /server/login/signIn 被拦截！', '61.242.131.13');
INSERT INTO `log`
VALUES (360, NULL, '2020-12-18 00:28:24', '未登录访问 /server/login/signIn 被拦截！', '61.242.131.13');
INSERT INTO `log`
VALUES (361, NULL, '2020-12-18 00:28:28', '未登录访问 /server/login/signIn 被拦截！', '61.242.131.13');
INSERT INTO `log`
VALUES (362, '1704270128', '2020-12-18 00:29:30', '登录成功', '61.183.207.98');
INSERT INTO `log`
VALUES (363, NULL, '2020-12-18 00:29:52', '尝试获取全部日志', '61.183.207.98');
INSERT INTO `log`
VALUES (364, NULL, '2020-12-18 00:30:33', '尝试获取全部签到数据', '61.183.207.98');
INSERT INTO `log`
VALUES (365, NULL, '2020-12-18 00:30:52', '尝试获取1804230921的签到记录', '61.183.207.98');
INSERT INTO `log`
VALUES (366, NULL, '2020-12-18 00:30:59', '尝试获取1804270108的签到记录', '61.183.207.98');
INSERT INTO `log`
VALUES (367, NULL, '2020-12-18 00:31:16', '尝试获取1804270230的签到记录', '61.183.207.98');
INSERT INTO `log`
VALUES (368, '1704270128', '2020-12-18 00:31:49', '尝试签到', '61.183.207.98');
INSERT INTO `log`
VALUES (369, '1704270128', '2020-12-18 00:31:51', '尝试签到', '61.183.207.98');
INSERT INTO `log`
VALUES (370, '1704270128', '2020-12-18 00:32:42', '尝试签到', '61.183.207.98');
INSERT INTO `log`
VALUES (371, NULL, '2020-12-18 00:33:02', '尝试获取全部日志', '61.183.207.98');
INSERT INTO `log`
VALUES (372, NULL, '2020-12-18 00:33:12', '尝试获取1704270128的签到记录', '61.183.207.98');
INSERT INTO `log`
VALUES (373, '1704270128', '2020-12-18 00:35:15', '尝试签到', '61.183.207.98');
INSERT INTO `log`
VALUES (374, '1704270128', '2020-12-18 00:38:11', '尝试签到', '61.183.207.98');
INSERT INTO `log`
VALUES (375, '1704270128', '2020-12-18 00:38:24', '尝试覆盖签到', '61.183.207.98');
INSERT INTO `log`
VALUES (376, NULL, '2020-12-18 00:38:58', '尝试获取1704270128的签到记录', '61.183.207.98');
INSERT INTO `log`
VALUES (377, NULL, '2020-12-18 00:39:45', '尝试获取全部签到数据', '61.183.207.98');
INSERT INTO `log`
VALUES (378, NULL, '2020-12-18 00:40:17', '尝试删除签到记录', '61.183.207.98');
INSERT INTO `log`
VALUES (379, '1704270128', '2020-12-18 00:40:39', '尝试覆盖签到', '61.183.207.98');
INSERT INTO `log`
VALUES (380, '1704270128', '2020-12-18 00:40:51', '尝试签到', '61.183.207.98');
INSERT INTO `log`
VALUES (381, '1704270128', '2020-12-18 00:41:03', '尝试签到', '61.183.207.98');
INSERT INTO `log`
VALUES (382, '1704270128', '2020-12-18 00:41:04', '尝试覆盖签到', '61.183.207.98');
INSERT INTO `log`
VALUES (383, '1704270128', '2020-12-18 00:41:11', '尝试签到', '61.183.207.98');
INSERT INTO `log`
VALUES (384, '1704270128', '2020-12-18 00:41:13', '尝试覆盖签到', '61.183.207.98');
INSERT INTO `log`
VALUES (385, NULL, '2020-12-18 00:41:49', '尝试获取全部签到数据', '61.183.207.98');
INSERT INTO `log`
VALUES (386, NULL, '2020-12-18 00:42:05',
        '退出登录 {Student{id=\'1704270128\', name=\'鲁云浩\', college=\'数学与计算机学院\', vocational=\'0426_信息与计算科学\', className=\'信科11701\'}}',
        '61.183.207.98');
INSERT INTO `log`
VALUES (387, '1804270230', '2020-12-18 00:42:11', '登录成功', '61.183.207.98');
INSERT INTO `log`
VALUES (388, '1804270230', '2020-12-18 00:42:14', '尝试签到', '61.183.207.98');
INSERT INTO `log`
VALUES (389, NULL, '2020-12-18 00:43:37', '尝试获取全部签到数据', '61.183.207.98');
INSERT INTO `log`
VALUES (390, NULL, '2020-12-18 00:43:38', '尝试获取1804270230的签到记录', '61.183.207.98');
INSERT INTO `log`
VALUES (391, NULL, '2020-12-18 00:43:47', '尝试获取1804270230的签到记录', '61.183.207.98');
INSERT INTO `log`
VALUES (392, NULL, '2020-12-18 00:43:58', '尝试获取全部签到数据', '61.183.207.98');
INSERT INTO `log`
VALUES (393, NULL, '2020-12-18 00:44:00', '尝试获取1804270107的签到记录', '61.183.207.98');
INSERT INTO `log`
VALUES (394, NULL, '2020-12-18 00:44:04', '尝试获取1804270130的签到记录', '61.183.207.98');
INSERT INTO `log`
VALUES (395, NULL, '2020-12-18 00:44:08', '尝试获取1804270105的签到记录', '61.183.207.98');
INSERT INTO `log`
VALUES (396, NULL, '2020-12-18 00:44:11', '尝试获取1804270103的签到记录', '61.183.207.98');
INSERT INTO `log`
VALUES (397, NULL, '2020-12-18 00:44:12', '尝试获取1804270103的签到记录', '61.183.207.98');
INSERT INTO `log`
VALUES (398, NULL, '2020-12-18 00:44:14', '尝试获取1804270126的签到记录', '61.183.207.98');
INSERT INTO `log`
VALUES (399, NULL, '2020-12-18 00:44:18', '尝试获取1804270115的签到记录', '61.183.207.98');
INSERT INTO `log`
VALUES (400, NULL, '2020-12-18 00:46:10',
        '退出登录 {Student{id=\'1804270230\', name=\'孙驰\', college=\'数学与计算机学院\', vocational=\'0426_信息与计算科学\', className=\'信科11802\'}}',
        '61.183.207.98');
INSERT INTO `log`
VALUES (401, NULL, '2020-12-18 00:46:13', '未登录访问 /server/login/signIn 被拦截！', '61.183.207.98');
INSERT INTO `log`
VALUES (402, NULL, '2020-12-18 00:47:32', '未登录访问 /server/login/signIn/ 被拦截！', '61.183.207.98');
INSERT INTO `log`
VALUES (403, NULL, '2020-12-18 00:48:21', '未登录访问 /server/login/signIn/ 被拦截！', '61.183.207.98');
INSERT INTO `log`
VALUES (404, NULL, '2020-12-18 00:48:56', '未登录访问 /server/login/signIn/ 被拦截！', '61.183.207.98');
INSERT INTO `log`
VALUES (405, NULL, '2020-12-18 00:49:45', '未登录访问 /server/login/signIn/ 被拦截！', '61.183.207.98');
INSERT INTO `log`
VALUES (406, NULL, '2020-12-18 02:26:46', '未登录访问 /server/login/signIn/now 被拦截！', '169.254.83.87');
INSERT INTO `log`
VALUES (407, '1704270128', '2020-12-18 02:26:54', '登录成功', '169.254.83.87');
INSERT INTO `log`
VALUES (408, '1704270128', '2020-12-18 02:26:55', '完成之前的跳转 /server/login/signIn/now', '169.254.83.87');
INSERT INTO `log`
VALUES (409, NULL, '2020-12-18 02:27:01', '尝试获取全部签到数据', '169.254.83.87');
INSERT INTO `log`
VALUES (410, '1704270128', '2020-12-18 02:27:25', '登录成功', '169.254.83.87');
INSERT INTO `log`
VALUES (411, '1804270230', '2020-12-18 02:28:05', '登录成功', '223.104.20.23');
INSERT INTO `log`
VALUES (412, '1804270230', '2020-12-18 02:28:09', '尝试签到', '223.104.20.23');
INSERT INTO `log`
VALUES (413, '1804270230', '2020-12-18 02:28:14', '尝试覆盖签到', '223.104.20.23');
INSERT INTO `log`
VALUES (414, NULL, '2020-12-18 02:28:21', '尝试获取全部签到数据', '223.104.20.23');
INSERT INTO `log`
VALUES (415, NULL, '2020-12-18 02:29:05',
        '退出登录 {Student{id=\'1704270128\', name=\'鲁云浩\', college=\'数学与计算机学院\', vocational=\'0426_信息与计算科学\', className=\'信科11701\'}}',
        '169.254.83.87');
INSERT INTO `log`
VALUES (416, NULL, '2020-12-18 02:29:08', '未登录访问 /server/login/index.html 被拦截！', '169.254.83.87');
INSERT INTO `log`
VALUES (417, NULL, '2020-12-18 02:29:14', '未登录访问 /server/login/signIn 被拦截！', '169.254.83.87');
INSERT INTO `log`
VALUES (418, NULL, '2020-12-18 02:29:19', '未登录访问 /server/login/index.html 被拦截！', '169.254.83.87');
INSERT INTO `log`
VALUES (419, NULL, '2020-12-18 05:30:29', '未登录访问 /server/login/signIn/now 被拦截！', '223.104.20.23');
INSERT INTO `log`
VALUES (420, NULL, '2020-12-18 05:30:35', '未登录访问 /server/login/signIn/ 被拦截！', '223.104.20.23');
INSERT INTO `log`
VALUES (421, '1704270128', '2020-12-18 13:48:13', '登录成功', '169.254.83.87');
INSERT INTO `log`
VALUES (422, NULL, '2020-12-18 13:48:52', '尝试获取全部签到数据', '169.254.83.87');
INSERT INTO `log`
VALUES (423, NULL, '2020-12-18 13:48:58', '尝试获取1804230926的签到记录', '169.254.83.87');
INSERT INTO `log`
VALUES (424, NULL, '2020-12-18 13:49:02', '尝试获取1804270218的签到记录', '169.254.83.87');
INSERT INTO `log`
VALUES (425, NULL, '2020-12-18 13:49:09', '尝试获取1804270211的签到记录', '169.254.83.87');
INSERT INTO `log`
VALUES (426, '1704270128', '2020-12-18 13:49:26', '尝试签到', '169.254.83.87');
INSERT INTO `log`
VALUES (427, '1704270128', '2020-12-18 13:49:29', '尝试覆盖签到', '169.254.83.87');
INSERT INTO `log`
VALUES (428, NULL, '2020-12-18 13:49:32', '尝试获取1704270128的签到记录', '169.254.83.87');
INSERT INTO `log`
VALUES (429, NULL, '2020-12-18 13:49:33', '尝试获取全部日志', '169.254.83.87');
INSERT INTO `log`
VALUES (430, '1704270128', '2020-12-18 14:06:09', '登录成功', '169.254.83.87');
INSERT INTO `log`
VALUES (431, NULL, '2020-12-18 14:06:12', '尝试获取全部签到数据', '169.254.83.87');
INSERT INTO `log`
VALUES (432, '1704270128', '2020-12-18 14:07:31', '登录成功', '169.254.83.87');
INSERT INTO `log`
VALUES (433, NULL, '2020-12-18 14:07:33', '尝试获取1704270128的签到记录', '169.254.83.87');
INSERT INTO `log`
VALUES (434, NULL, '2020-12-18 14:08:01', '尝试获取1704270128的签到记录', '169.254.83.87');
INSERT INTO `log`
VALUES (435, NULL, '2020-12-18 14:08:03', '尝试获取1704270128的签到记录', '169.254.83.87');
INSERT INTO `log`
VALUES (436, NULL, '2020-12-18 14:08:05', '尝试获取全部签到数据', '169.254.83.87');
INSERT INTO `log`
VALUES (437, NULL, '2020-12-18 14:14:41',
        '退出登录 {Student{id=\'1704270128\', name=\'鲁云浩\', college=\'数学与计算机学院\', vocational=\'0426_信息与计算科学\', className=\'信科11701\'}}',
        '169.254.83.87');
INSERT INTO `log`
VALUES (438, '1704270128', '2020-12-18 14:28:30', '登录成功', '169.254.83.87');
INSERT INTO `log`
VALUES (439, '1704270128', '2020-12-18 14:28:33', '尝试签到', '169.254.83.87');
INSERT INTO `log`
VALUES (440, '1704270128', '2020-12-18 14:28:35', '尝试覆盖签到', '169.254.83.87');
INSERT INTO `log`
VALUES (441, '1704270128', '2020-12-18 14:28:35', '更新了签到！原签到IP169.254.83.87原签到时间为2020-12-18 13:49:29', '169.254.83.87');
INSERT INTO `log`
VALUES (442, NULL, '2020-12-18 14:28:38', '尝试获取全部日志', '169.254.83.87');
INSERT INTO `log`
VALUES (443, '1704270128', '2020-12-18 14:47:57', 'test', '127.0.0.1');
INSERT INTO `log`
VALUES (444, '1704270128', '2020-12-18 14:47:58', '签到成功', '10.170.1.1.');
INSERT INTO `log`
VALUES (445, '1704270128', '2020-12-18 14:48:27', 'test', '127.0.0.1');
INSERT INTO `log`
VALUES (446, '1704270128', '2020-12-18 14:48:27', '签到成功', '10.170.1.1.');
INSERT INTO `log`
VALUES (447, '1704270128', '2020-12-18 14:49:10', 'test', '127.0.0.1');
INSERT INTO `log`
VALUES (448, '1704270128', '2020-12-18 14:49:10', '签到成功', '10.170.1.1.');
INSERT INTO `log`
VALUES (449, '1704270128', '2020-12-18 14:49:39', 'test', '127.0.0.1');
INSERT INTO `log`
VALUES (450, '1704270128', '2020-12-18 14:49:40', '签到成功', '10.170.1.1.');
INSERT INTO `log`
VALUES (451, '1704270128', '2020-12-18 14:50:00', 'test', '127.0.0.1');
INSERT INTO `log`
VALUES (452, '1704270128', '2020-12-18 14:50:01', '签到成功', '10.170.1.1.');
INSERT INTO `log`
VALUES (453, '1704270128', '2020-12-18 14:51:00', 'test', '127.0.0.1');
INSERT INTO `log`
VALUES (454, '1704270128', '2020-12-18 14:51:01', '签到成功', '10.170.1.1.');
INSERT INTO `log`
VALUES (455, '1704270128', '2020-12-18 14:56:55', 'test', '127.0.0.1');
INSERT INTO `log`
VALUES (456, '1704270128', '2020-12-18 14:56:55', '签到成功', '10.170.1.1.');
INSERT INTO `log`
VALUES (457, '1704270128', '2020-12-19 02:33:07', '登录成功', '119.36.85.148');
INSERT INTO `log`
VALUES (458, NULL, '2020-12-19 02:33:11', '尝试获取1704270128的签到记录', '119.36.85.148');
INSERT INTO `log`
VALUES (459, NULL, '2020-12-19 02:33:14', '尝试获取全部签到数据', '119.36.85.148');
INSERT INTO `log`
VALUES (460, '1704270128', '2020-12-19 02:33:21', '尝试签到', '119.36.85.148');
INSERT INTO `log`
VALUES (461, '1704270128', '2020-12-19 02:33:21', '签到成功', '119.36.85.148');
INSERT INTO `log`
VALUES (462, NULL, '2020-12-19 02:33:24', '尝试获取1704270128的签到记录', '119.36.85.148');
INSERT INTO `log`
VALUES (463, '1704270128', '2020-12-19 02:33:28', '尝试签到', '119.36.85.148');
INSERT INTO `log`
VALUES (464, '1704270128', '2020-12-19 02:33:29', '尝试覆盖签到', '119.36.85.148');
INSERT INTO `log`
VALUES (465, '1704270128', '2020-12-19 02:33:30', '更新了签到！原签到IP119.36.85.148原签到时间为2020-12-19 02:33:21', '119.36.85.148');
INSERT INTO `log`
VALUES (466, NULL, '2020-12-19 02:33:32', '尝试获取1704270128的签到记录', '119.36.85.148');
INSERT INTO `log`
VALUES (467, NULL, '2020-12-19 02:33:35', '尝试获取全部签到数据', '119.36.85.148');
INSERT INTO `log`
VALUES (468, '1704270128', '2020-12-19 02:33:43', '尝试签到', '119.36.85.148');
INSERT INTO `log`
VALUES (469, '1704270128', '2020-12-19 02:33:44', '尝试覆盖签到', '119.36.85.148');
INSERT INTO `log`
VALUES (470, '1704270128', '2020-12-19 02:33:44', '更新了签到！原签到IP119.36.85.148原签到时间为2020-12-19 02:33:30', '119.36.85.148');
INSERT INTO `log`
VALUES (471, NULL, '2020-12-19 02:33:47', '尝试获取1704270128的签到记录', '119.36.85.148');
INSERT INTO `log`
VALUES (472, '1704270128', '2020-12-19 02:33:57', '登录成功', '119.36.85.148');
INSERT INTO `log`
VALUES (473, NULL, '2020-12-19 02:33:59', '尝试获取1704270128的签到记录', '119.36.85.148');
INSERT INTO `log`
VALUES (474, '1704270128', '2020-12-19 02:34:01', '尝试签到', '119.36.85.148');
INSERT INTO `log`
VALUES (475, '1704270128', '2020-12-19 02:34:02', '尝试覆盖签到', '119.36.85.148');
INSERT INTO `log`
VALUES (476, '1704270128', '2020-12-19 02:34:02', '更新了签到！原签到IP119.36.85.148原签到时间为2020-12-19 02:33:44', '119.36.85.148');
INSERT INTO `log`
VALUES (477, '1704270128', '2020-12-19 03:57:27', '登录成功', '169.254.83.87');

-- ----------------------------
-- Function structure for get_avg
-- ----------------------------
DROP FUNCTION IF EXISTS `get_avg`;
delimiter ;;
CREATE FUNCTION `get_avg`(`@stu_id` int)
    RETURNS float
BEGIN
    DECLARE avg FLOAT;
    SELECT COUNT(id) into avg FROM SignIn WHERE id = `@stu_id`;
    SET avg = avg * 100.0 / 24;
    RETURN avg;
END
;;
delimiter ;

-- ----------------------------
-- Triggers structure for table SignIn
-- ----------------------------
DROP TRIGGER IF EXISTS `log`;
delimiter ;;
CREATE TRIGGER `log`
    AFTER INSERT
    ON `SignIn`
    FOR EACH ROW
BEGIN
    INSERT INTO log(id, time, event, ip) values (new.id, new.time, "签到成功", new.ip);
END
;;
delimiter ;

-- ----------------------------
-- Triggers structure for table SignIn
-- ----------------------------
DROP TRIGGER IF EXISTS `log_up`;
delimiter ;;
CREATE TRIGGER `log_up`
    AFTER UPDATE
    ON `SignIn`
    FOR EACH ROW
BEGIN
    INSERT INTO log(id, time, event, ip)
    values (new.id, new.time, concat("更新了签到！原签到IP", old.ip, "原签到时间为", old.time), new.ip);
END
;;
delimiter ;

SET FOREIGN_KEY_CHECKS = 1;
